timestamp,ts,magneticHeading
0.411779999732971,0.409572005271912,306.833374023438
0.471069037914276,0.469387054443359,305.323181152344
0.530550003051758,0.5295490026474,304.113616943359
0.590269029140472,0.588737010955811,302.877868652344
0.749324023723602,0.7482830286026,301.863189697266
0.807240009307861,0.806236028671265,300.649505615234
0.846891045570374,0.845975041389465,299.115600585938
2.40437000989914,2.31896102428436,298.100158691406
3.81221002340317,3.8104220032692,299.589141845703
3.89391005039215,3.89014601707458,301.162475585938
3.93243604898453,3.92998903989792,303.387573242188
3.99341201782227,3.98978799581528,304.797271728516
4.36681604385376,4.06902700662613,305.901245117188
4.36869204044342,4.12861901521683,307.048248291016
4.36903202533722,4.16845101118088,308.416442871094
4.3890939950943,4.38812804222107,306.966461181641
4.5084440112114,4.50736302137375,305.659912109375
4.5281720161438,4.52710103988647,304.6513671875
4.60840600728989,4.60711205005646,303.001556396484
4.7294420003891,4.72679102420807,301.847229003906
4.83019602298737,4.82493305206299,300.159606933594
4.86804699897766,4.86449903249741,299.068969726562
4.94723802804947,4.94447004795074,297.397003173828
5.02446204423904,5.02341401576996,296.293884277344
5.36413204669952,5.08330404758453,294.834381103516
5.36504304409027,5.14308601617813,295.889678955078
5.3653330206871,5.18280005455017,294.808654785156
5.36633104085922,5.2825739979744,295.937316894531
5.36739701032639,5.34233403205872,296.948669433594
5.38340401649475,5.38217902183533,298.210968017578
5.4239210486412,5.42260801792145,299.607604980469
5.46291899681091,5.46183204650879,300.795776367188
5.52299201488495,5.52193599939346,299.305572509766
5.58260500431061,5.58149802684784,301.382934570312
5.62285500764847,5.62163001298904,302.6123046875
5.68415600061417,5.68187701702118,303.932067871094
5.72319602966309,5.72134804725647,305.100982666016
5.80435103178024,5.80113804340363,306.167785644531
6.03986304998398,6.0383660197258,304.886108398438
6.36344003677368,6.09793901443481,303.661804199219
6.36432200670242,6.1777800321579,301.7080078125
6.36498403549194,6.21710604429245,300.509948730469
6.3656610250473,6.25724303722382,298.562194824219
6.36594104766846,6.29733502864838,297.390075683594
6.36626201868057,6.33721202611923,296.344177246094
6.37814903259277,6.37697499990463,295.142639160156
6.63694500923157,6.63585704565048,296.316101074219
6.77904105186462,6.77659302949905,298.162170410156
6.79836702346802,6.79579204320908,299.892700195312
7.03638499975204,7.03318703174591,300.947998046875
7.37297904491425,7.07308804988861,302.148895263672
7.37333500385284,7.11261999607086,303.705139160156
7.37359702587128,7.13236701488495,304.752868652344
7.37389302253723,7.17272001504898,305.961517333984
7.37420403957367,7.27250599861145,304.695465087891
7.43333405256271,7.43196702003479,303.244506835938
7.47209703922272,7.47102904319763,301.402770996094
7.55261200666428,7.55100405216217,300.314514160156
7.59282803535461,7.59094601869583,298.667510986328
7.63231199979782,7.63073199987411,296.986358642578
7.65235102176666,7.65068203210831,295.472320556641
7.69274300336838,7.69154399633408,293.224853515625
7.97243905067444,7.96931201219559,294.865325927734
8.36392802000046,8.04832500219345,296.098358154297
8.36483001708984,8.16873002052307,297.279052734375
8.36525303125381,8.18861502408981,298.35791015625
8.36554300785065,8.3478040099144,297.126953125
8.46821701526642,8.46709704399109,295.729553222656
8.50796300172806,8.50701302289963,294.323455810547
8.64797401428223,8.64636504650116,295.399688720703
8.70758199691772,8.70584905147552,296.492736816406
8.72773104906082,8.72594702243805,295.072082519531
8.76869904994965,8.76582902669907,292.913543701172
8.98761701583862,8.98453402519226,291.789123535156
9.364138007164,9.1229630112648,292.859283447266
9.36506199836731,9.14323902130127,290.492462158203
9.36542302370071,9.18255800008774,292.230712890625
9.36570203304291,9.22212702035904,294.377319335938
9.36598402261734,9.2428230047226,295.741424560547
9.36622303724289,9.30184602737427,297.762542724609
9.36649703979492,9.34175401926041,300.504974365234
9.36734300851822,9.36495804786682,302.904296875
9.38286805152893,9.38179504871368,305.478607177734
9.42238199710846,9.4213359951973,307.095703125
9.44251304864883,9.4414170384407,308.151428222656
9.46278405189514,9.46131002902985,310.303771972656
9.4819370508194,9.48094004392624,312.86767578125
9.50260704755783,9.50155299901962,316.225860595703
9.52182102203369,9.52082002162933,318.509399414062
9.54173505306244,9.54077303409576,321.260345458984
9.56200504302979,9.56101304292679,322.561370849609
9.58179700374603,9.58077204227448,325.177215576172
9.6021700501442,9.60090601444244,327.364501953125
9.62229400873184,9.62078303098679,330.420288085938
9.6419860124588,9.64069104194641,332.45654296875
9.66224604845047,9.66099202632904,335.403472900391
9.68187999725342,9.68055802583694,337.201965332031
9.70179802179337,9.70052301883698,339.338928222656
9.72161799669266,9.72035700082779,341.886962890625
9.7420009970665,9.74043500423431,345.248565673828
9.76224499940872,9.76063799858093,354.223358154297
9.78236401081085,9.78057903051376,356.704986572266
9.80200201272964,9.80032700300217,359.398559570312
9.82232701778412,9.82036805152893,2.04141235351562
9.84027701616287,9.83850204944611,4.48619985580444
9.8612220287323,9.85959005355835,7.37886333465576
9.88114905357361,9.87855303287506,9.14025974273682
9.90000200271606,9.89831703901291,10.9336795806885
9.94058603048325,9.93840700387955,12.2695360183716
9.98069900274277,9.97803604602814,13.9727582931519
10.0001520514488,9.99846601486206,15.8436880111694
10.0196940302849,10.0179750323296,17.6703109741211
10.0394480228424,10.0377080440521,19.3957843780518
10.370169043541,10.0578960180283,20.8872089385986
10.3709540367126,10.0777960419655,22.2086086273193
10.3712430000305,10.0973330140114,23.928129196167
10.3715160489082,10.1170970201492,25.6813850402832
10.3718039989471,10.1568400263786,28.2045993804932
10.3720490336418,10.1771080493927,30.145866394043
10.3723550438881,10.1968240141869,31.6034774780273
10.372575044632,10.2366930246353,40.8205986022949
10.3728640079498,10.256748020649,43.6002388000488
10.3731210231781,10.277409017086,45.6201477050781
10.373812019825,10.2966020107269,47.3972129821777
10.3740760087967,10.3165020346642,49.3273468017578
10.3743930459023,10.336413025856,51.2622680664062
10.3746940493584,10.3561950325966,52.5983848571777
10.3973280191422,10.3961890339851,53.801872253418
10.4170340299606,10.4160760045052,55.5915069580078
10.4569990038872,10.4559659957886,57.4833679199219
10.4770110249519,10.4759610295296,59.0120315551758
10.5366899967194,10.5356610417366,61.0278129577637
10.5965490341187,10.5955850481987,62.7365036010742
10.6163320541382,10.6153160333633,64.2811965942383
10.6367900371552,10.6355300545692,66.1194610595703
10.6566400527954,10.6553339958191,67.2808151245117
10.7179600000381,10.7153730392456,65.8361587524414
10.7566429972649,10.7549149990082,66.9309387207031
10.7982290387154,10.7958750128746,65.3856506347656
10.8190280199051,10.8153610229492,67.0185241699219
10.9356600046158,10.9332590103149,65.1262054443359
10.955286026001,10.9527870416641,63.4981307983398
11.0163420438766,11.0127670168877,65.2952270507812
11.0352900028229,11.0327340364456,66.9552917480469
11.3799300193787,11.0719090104103,65.2368698120117
11.3822820186615,11.1117350459099,59.533145904541
11.3831560015678,11.1515220403671,51.4897232055664
11.3833979964256,11.1714520454407,48.3894119262695
11.3837000131607,11.1914150118828,45.8008155822754
11.3829310536385,11.1319630146027,55.8402442932129
11.3839620351791,11.2118310332298,43.1951675415039
11.384350001812,11.231182038784,41.8143348693848
11.3846060037613,11.2512380480766,39.2941665649414
11.3848640322685,11.2907250523567,34.6775169372559
11.3913890123367,11.390507042408,33.2084579467773
11.4122570157051,11.4110659956932,30.5166110992432
11.4315540194511,11.4306130409241,23.9333190917969
11.4520410299301,11.4506739974022,22.422176361084
11.5122760534286,11.5109330415726,20.7861251831055
11.5324820280075,11.5304220318794,19.478853225708
11.5716960430145,11.5703880190849,16.8317165374756
11.5912490487099,11.589959025383,15.0803413391113
11.6111690402031,11.6099670529366,12.798921585083
11.6519640088081,11.6502220034599,11.7539644241333
11.7539380192757,11.7502200007439,9.26849555969238
11.7922019958496,11.7898280024529,10.3092880249023
11.8329300284386,11.8301490545273,13.1103067398071
11.9100860357285,11.9077660441399,15.6649017333984
11.9311100244522,11.9286560416222,13.610818862915
11.9502750039101,11.9475720524788,15.3584356307983
11.9705580472946,11.968258023262,17.8885345458984
11.9877960085869,11.9868580102921,20.4249248504639
12.0280340313911,12.0270020365715,21.5056018829346
12.5963770151138,12.1062790155411,20.1324710845947
12.9185640215874,12.1268540024757,23.238883972168
12.9189260005951,12.1474969983101,26.1673278808594
12.9192790389061,12.1860580444336,28.4320182800293
12.9195600152016,12.2060050368309,30.1236019134521
12.9198620319366,12.2263170480728,28.1758670806885
12.9201250076294,12.2656980156898,21.9948673248291
12.9203960299492,12.3458150029182,19.4104747772217
12.9206520318985,12.3663240075111,17.1077003479004
12.9209190011024,12.385723054409,15.4415588378906
12.9216230511665,12.405287027359,14.2601118087769
12.9218910336494,12.4250970482826,12.3432350158691
12.9221930503845,12.4650300145149,11.3127517700195
12.922444999218,12.5647040009499,10.1371231079102
12.9227280020714,12.6046970486641,11.2919826507568
12.9229680299759,12.7043780088425,9.97083854675293
12.9233120083809,12.7243630290031,8.51700973510742
12.9235700368881,12.764712035656,9.63425827026367
12.9825940132141,12.9814500212669,7.64881896972656
13.3628610372543,13.1013810038567,10.1685781478882
13.3638650178909,13.1231890320778,11.959641456604
13.3651330471039,13.1408860087395,13.6792430877686
13.3654270172119,13.2007260322571,15.3323850631714
13.3656990528107,13.2403970360756,16.9658355712891
13.3663360476494,13.3202340006828,19.7246341705322
13.3666760325432,13.3002859950066,18.1742172241211
13.4010249972343,13.3999380469322,17.8851470947266
13.6405850052834,13.6392270326614,19.7587795257568
13.6808160543442,13.6795620322227,18.7587013244629
13.7408420443535,13.7391140460968,17.717041015625
13.7605430483818,13.7588400244713,16.0200099945068
13.902752995491,13.8977570533752,14.9949979782104
13.9369380474091,13.9357820153236,13.8978071212769
13.99666005373,13.9956240057945,15.7564668655396
14.0369160175323,14.0356470346451,17.8549346923828
14.5517010092735,14.2949460148811,19.1959114074707
14.5534819960594,14.3146910071373,20.1964073181152
14.5545600056648,14.3344390392303,21.4429931640625
14.5555109977722,14.4341199994087,25.2603816986084
14.55590903759,14.513818025589,27.2806167602539
14.5551830530167,14.4140590429306,23.7379932403564
14.5570560097694,14.5545340180397,28.5579261779785
14.6346500515938,14.6331560015678,29.8605117797852
14.6742640137672,14.6731860041618,31.7895126342773
14.6939070224762,14.6928920149803,34.681697845459
14.7738540172577,14.7727910280228,33.2389221191406
14.8156750202179,14.8139280080795,32.0760040283203
14.8519050478935,14.8505620360374,29.5975704193115
14.8917190432549,14.8905310034752,27.9996547698975
14.9942280054092,14.9907270073891,26.9738960266113
15.0360760092735,15.031476020813,24.4484672546387
15.0552280545235,15.0506860017776,22.58229637146
15.4230580329895,15.0899940133095,21.2575874328613
15.42492800951,15.1326140165329,20.2573432922363
15.4254340529442,15.1695060133934,19.0570087432861
15.4260460138321,15.2696120142937,18.6256866455078
15.4264190196991,15.2889800071716,20.1981182098389
15.4257630109787,15.1893669962883,17.2679920196533
15.4273920059204,15.3107160329819,22.0094509124756
15.4277590513229,15.3886370062828,24.3589248657227
15.4290380477905,15.4083720445633,25.727087020874
15.4309390187263,15.4283320307732,27.6287403106689
15.469496011734,15.4684000015259,29.514591217041
15.5492430329323,15.5481350421906,32.887825012207
15.5691640377045,15.5680650472641,34.310115814209
15.5890050530434,15.587954044342,35.5961380004883
15.6087970137596,15.6077370047569,36.7318229675293
15.6295860409737,15.6282060146332,38.8719100952148
15.6491200327873,15.6480860114098,41.1405448913574
15.6690440177917,15.6676730513573,43.1631278991699
15.7289880514145,15.7276149988174,45.4633750915527
15.7489809989929,15.7476190328598,47.0233459472656
15.7693570256233,15.767441034317,49.7303352355957
15.7895410060883,15.7875110507011,53.970142364502
15.8089089989662,15.8073410391808,57.7911262512207
15.8288969993591,15.8270930051804,60.246826171875
15.8503350019455,15.8476450443268,62.0899696350098
15.869577050209,15.8664530515671,63.4012031555176
15.8887439966202,15.8863040208817,65.5919723510742
15.9087440371513,15.9059610366821,67.3963088989258
15.929348051548,15.9260410070419,68.57666015625
15.96850502491,15.965901017189,70.4265594482422
15.9890020489693,15.9860450029373,72.4754028320312
16.0075460076332,16.0055620074272,74.7362289428711
16.0285890102386,16.0258550047874,77.1396484375
16.0469560027122,16.0450730323792,78.8030624389648
16.3731250166893,16.0653490424156,80.8976593017578
16.3750220537186,16.126768052578,82.9056701660156
16.3753200173378,16.1454830169678,84.3282775878906
16.3758160471916,16.1847190260887,87.640266418457
16.3767850399017,16.2047680020332,89.2951812744141
16.3770250082016,16.2445540428162,90.9396057128906
16.3773249983788,16.2647200226784,92.016357421875
16.3778229951859,16.3049260377884,94.4428253173828
16.3780720233917,16.3441190123558,95.8742904663086
16.3775990009308,16.2843450307846,93.266731262207
16.404816031456,16.4037390351295,98.2313766479492
16.4863270521164,16.4849490523338,99.6098556518555
16.5255960226059,16.5245250463486,100.829917907715
16.5453350543976,16.5442990064621,103.029342651367
16.5653180480003,16.5639380216599,110.086135864258
16.5856820344925,16.584233045578,112.268630981445
16.6851260066032,16.6837750077248,111.216651916504
16.7656730413437,16.7631430029869,112.572814941406
16.8451700210571,16.8427140116692,115.76456451416
16.8651000261307,16.8625349998474,116.886657714844
16.9618900418282,16.9601359963417,118.415344238281
17.002414047718,17.0010190010071,119.930389404297
17.3190540075302,17.1196089982986,121.282341003418
17.319650053978,17.1412860155106,122.388458251953
17.6470740437508,17.2200130224228,120.955085754395
17.6492740511894,17.2394640445709,119.388763427734
17.6495740413666,17.3586850166321,118.258094787598
17.6498700380325,17.3991930484772,117.011535644531
17.6501600146294,17.4582700133324,118.378929138184
17.6504200100899,17.5977720022202,119.542587280273
17.6786670088768,17.6775290369987,120.666954040527
17.8769090175629,17.8757860064507,121.705780029297
17.9369370341301,17.935595035553,123.218643188477
17.9567190408707,17.955433011055,124.243606567383
18.0371500253677,18.0353620052338,126.431854248047
18.4250910282135,18.0556820034981,127.614974975586
18.4262750148773,18.07522803545,126.491584777832
18.4268320202827,18.0950750112534,125.191696166992
18.4271530508995,18.1544850468636,124.019737243652
18.4274210333824,18.1745110154152,125.093475341797
18.4277160167694,18.214388012886,126.554702758789
18.4279659986496,18.2342440485954,127.633636474609
18.454737007618,18.4535850286484,126.017654418945
18.474956035614,18.4738350510597,124.315605163574
18.4947370290756,18.4932399988174,122.692001342773
18.6738490462303,18.6727229952812,123.911148071289
18.7142010331154,18.7128180265427,122.766906738281
18.8139470219612,18.8123370409012,124.310546875
18.855161011219,18.8529980182648,125.750183105469
18.9121980071068,18.9104650020599,124.31974029541
18.9341770410538,18.9311490058899,123.06819152832
19.2156900167465,19.049437046051,124.604080200195
19.5418030023575,19.228255033493,125.64225769043
19.543929040432,19.2684520483017,127.219291687012
19.5442430377007,19.28851801157,128.778915405273
19.5446540117264,19.3491480350494,127.77628326416
19.5449430346489,19.4677890539169,129.103500366211
19.5452250242233,19.507769048214,130.280975341797
19.5885840058327,19.5874920487404,131.455505371094
19.688324034214,19.6872010231018,132.844772338867
19.7483209967613,19.7468550205231,131.383926391602
19.7686000466347,19.7675369977951,130.380935668945
19.8678850531578,19.866840004921,132.311920166016
20.4165640473366,20.0648320317268,134.158752441406
20.4185140132904,20.1235540509224,135.591430664062
20.41922301054,20.2631120085716,137.178115844727
20.4197870492935,20.3233010172844,138.412078857422
20.46312302351,20.462130010128,140.917282104492
20.5027850270271,20.5018300414085,142.429046630859
20.8227180242538,20.8208810091019,141.2978515625
20.8831959962845,20.8806230425835,139.856918334961
20.959824025631,20.9587390422821,137.970413208008
20.9998590350151,20.9987750053406,136.481201171875
21.0401040315628,21.0390030145645,135.180969238281
21.368507027626,21.0584530234337,134.086959838867
21.3712150454521,21.1779209971428,132.293731689453
21.3715730309486,21.2377780079842,130.878753662109
21.3718950152397,21.3376570343971,132.3046875
21.4576580524445,21.4565600156784,134.585876464844
21.5577430129051,21.5565440058708,135.63410949707
21.5774630308151,21.5764099955559,137.069274902344
21.6181460022926,21.6170700192451,139.081695556641
21.6372520327568,21.6362259984016,140.500534057617
21.6575810313225,21.6562840342522,138.311141967773
21.6970850229263,21.695908010006,139.490386962891
21.7175280451775,21.716295003891,141.160110473633
21.7587850093842,21.756107032299,143.58317565918
21.8182930350304,21.8161870241165,145.35546875
21.8599030375481,21.8560720086098,147.413299560547
21.9179880023003,21.9149270057678,148.683120727539
21.9782460331917,21.97421002388,150.056137084961
22.0147560238838,22.0137110352516,151.149429321289
22.3835690021515,22.0736620426178,152.38542175293
22.3853040337563,22.1128890514374,153.677642822266
22.7154230475426,22.1528699994087,155.027526855469
22.7189330458641,22.2524909973145,156.171340942383
22.7191980481148,22.3325600028038,158.472885131836
22.7196580171585,22.3520890474319,159.720321655273
22.7197870016098,22.3720790147781,161.561721801758
22.7203320264816,22.412084043026,162.667282104492
22.7206770181656,22.4322090148926,160.898498535156
22.7224420309067,22.4919900298119,162.60986328125
22.7228960394859,22.511656999588,164.187652587891
22.7232280373573,22.5315480232239,165.658142089844
22.7235780358315,22.5516130328178,166.847793579102
22.7238780260086,22.5913370251656,169.034362792969
22.7243530154228,22.6116240024567,170.26708984375
22.7245590090752,22.631333053112,171.498107910156
22.724828004837,22.6516680121422,172.875946044922
22.7250720262527,22.6711360216141,174.107162475586
22.7254410386086,22.6910160183907,175.679748535156
22.7256710529327,22.7115010023117,177.161270141602
22.7520820498466,22.7507170438766,180.067077636719
22.7728810310364,22.7718410491943,181.746688842773
22.7926500439644,22.7916120290756,183.642456054688
22.8130840063095,22.8119520545006,184.853271484375
22.8339770436287,22.8318980336189,186.434509277344
22.8527500033379,22.8516850471497,187.90397644043
22.8726040124893,22.8715580105782,189.461212158203
22.8908960223198,22.8894490003586,190.550537109375
22.9315620064735,22.9295090436935,191.893951416016
22.9507080316544,22.949363052845,193.897064208984
22.9706330299377,22.9693160057068,195.996597290039
23.0117599964142,23.0105280280113,197.368148803711
23.3802469968796,23.0699329972267,198.484527587891
23.3824239969254,23.089987039566,199.522018432617
23.3836089968681,23.1311830282211,201.258834838867
23.384899020195,23.149758040905,202.472640991211
23.3856920003891,23.1693300008774,203.489013671875
23.3861989974976,23.1892900466919,204.613296508789
23.3869580030441,23.2308080196381,206.142135620117
23.3873980045319,23.3296500444412,207.300659179688
23.3881570100784,23.3680900335312,208.592620849609
23.4490939974785,23.4477570056915,209.743301391602
23.5687420368195,23.5673750042915,210.872772216797
23.6282090544701,23.6269190311432,209.848098754883
23.6490409970284,23.6474410295486,208.229034423828
23.7092360258102,23.7067910432816,207.003433227539
23.74955701828,23.7477820515633,208.071624755859
23.8288140296936,23.8265780210495,206.53010559082
23.8696850538254,23.8671750426292,205.207733154297
23.9654200077057,23.9644620418549,206.343078613281
24.3677580356598,24.0459100008011,207.700332641602
24.3691070079803,24.1480870246887,208.784790039062
24.3695940375328,24.2433090209961,209.821426391602
24.3707510232925,24.3429900407791,211.235778808594
24.4037700295448,24.4027470350266,212.427917480469
24.4436860084534,24.4425750374794,214.004592895508
24.563845038414,24.5624120235443,212.896484375
24.643501996994,24.6421020030975,211.849105834961
24.7034020423889,24.7019520401955,212.901275634766
24.7431430220604,24.7418040037155,214.069122314453
24.7842120528221,24.7824040055275,215.094528198242
24.8430770039558,24.8413180112839,213.412994384766
24.9413480162621,24.9395790100098,211.975341796875
25.001168012619,24.9993060231209,210.723098754883
25.6631360054016,25.3576890230179,211.867401123047
25.6651310324669,25.5769600272179,213.216354370117
25.7178070545197,25.7166900038719,214.279037475586
25.91617000103,25.914510011673,212.864151000977
25.9954660534859,25.9941020011902,214.300109863281
26.3968590497971,26.2531070113182,213.148742675781
26.4535720348358,26.4523970484734,214.221557617188
26.5928260087967,26.5916320085526,215.634353637695
26.6131240129471,26.6118170022964,217.092727661133
26.7946790456772,26.7916390299797,218.191680908203
27.1855739951134,27.1284330487251,216.849716186523
27.5197710394859,27.3480130434036,215.77604675293
27.5207540392876,27.4078310132027,214.693084716797
27.5483480095863,27.5470620393753,215.868835449219
27.6482630372047,27.6468170285225,217.197769165039
27.7284500002861,27.7270920276642,218.306213378906
27.7674690485001,27.7662180066109,219.612442016602
27.8097230195999,27.8074769973755,221.644256591797
27.8280900120735,27.8263750076294,222.696746826172
27.8490950465202,27.8470810055733,224.571228027344
27.8684710264206,27.8671450018883,226.076965332031
27.8884750008583,27.8867570161819,227.831848144531
27.9090440273285,27.9074150323868,229.546951293945
27.9486040472984,27.9452700018883,231.418151855469
27.9895020127296,27.9870210289955,232.789337158203
28.0474460124969,28.0452090501785,234.137802124023
28.3688340187073,28.0852650403976,235.875274658203
28.3711790442467,28.105633020401,237.018676757812
28.3716050386429,28.145988047123,238.835662841797
28.371955037117,28.1851420402527,240.255325317383
28.3723450303078,28.2244810461998,241.328491210938
28.3725690245628,28.283685028553,244.118209838867
28.4442500472069,28.4431970119476,245.191040039062
28.4642990231514,28.4631980061531,246.198654174805
28.5837430357933,28.5825819969177,247.275894165039
28.7436930537224,28.7423120141029,248.314224243164
28.763375043869,28.7621920108795,249.523834228516
28.8041050434113,28.8021920323372,250.596115112305
28.8850850462914,28.8825540542603,252.079650878906
28.9210380315781,28.91949903965,254.649047851562
28.9609680175781,28.9599360227585,256.514831542969
29.0004570484161,28.999333024025,258.724273681641
29.0443570017815,29.039115011692,261.529235839844
29.3762780427933,29.0596050024033,262.957885742188
29.377160012722,29.0791870355606,264.265014648438
29.3781260251999,29.0985950231552,265.942321777344
29.3789790272713,29.1184059977531,267.880340576172
29.379243016243,29.1384299993515,269.3349609375
29.3795350193977,29.1788150072098,271.956787109375
29.3797940015793,29.1985310316086,274.110168457031
29.3806470036507,29.2189429998398,276.289001464844
29.3812730312347,29.2383990287781,277.925506591797
29.3819060325623,29.2583780288696,279.159698486328
29.3825290203094,29.2784980535507,280.65771484375
29.3835660219193,29.2981970310211,281.861206054688
29.3837900161743,29.3180070519447,283.16650390625
29.3841350078583,29.3380710482597,284.519866943359
29.3844410181046,29.3578260540962,286.018402099609
29.3850130438805,29.3786300420761,287.626251220703
29.4188710451126,29.4177960157394,289.093872070312
29.4387870430946,29.4377450346947,290.23486328125
29.4584640264511,29.4574990272522,291.412384033203
29.4990400075912,29.4978560209274,292.855529785156
29.5384150147438,29.5373650193214,294.200164794922
29.5783400535583,29.57735902071,295.511413574219
29.6384190320969,29.6373180150986,297.265197753906
29.7793220281601,29.7767450213432,295.632873535156
29.8211359977722,29.8170140385628,294.376831054688
29.97505402565,29.9739480018616,292.958587646484
30.3133720159531,30.1334800124168,294.084289550781
30.3140460252762,30.1760650277138,295.810211181641
30.6458899974823,30.3144040107727,297.0361328125
30.6486120223999,30.3330380320549,298.217224121094
30.6493270397186,30.4523950219154,299.553253173828
30.6499290466309,30.4920920133591,300.984649658203
30.6501390337944,30.5320780277252,299.797607421875
30.7327910065651,30.731624007225,298.645629882812
30.9305030107498,30.9291020035744,297.301330566406
30.9905869960785,30.9890300035477,294.604034423828
31.3966180086136,31.1081359982491,293.15673828125
31.3980270028114,31.1680980324745,292.069519042969
31.3992840051651,31.2078570127487,290.351715087891
31.4002140164375,31.3475870490074,288.104949951172
31.4005260467529,31.3878570199013,286.723907470703
31.3999920487404,31.267864048481,289.233795166016
31.4283470511436,31.4269270300865,287.747009277344
31.5277520418167,31.5266960263252,289.658447265625
31.5490120053291,31.5471930503845,290.761199951172
31.5683790445328,31.566743016243,291.850250244141
31.6677430272102,31.666100025177,292.876525878906
31.7078030109406,31.7063660025597,291.614654541016
31.7281460165977,31.7262970209122,290.532501220703
31.7678520083427,31.7662830352783,291.553436279297
31.8093300461769,31.8062919974327,292.610137939453
31.9889830350876,31.9854180216789,291.062805175781
32.2251200079918,32.1650609970093,292.290832519531
32.2257120013237,32.204076051712,289.603179931641
32.5559270381927,32.3632420301437,287.374633789062
32.557147026062,32.40307700634,284.796844482422
32.5574110150337,32.4830300211906,287.086395263672
32.5577260255814,32.5026830434799,288.116851806641
32.623644053936,32.6224850416183,289.180297851562
32.6635020375252,32.6623100042343,290.626678466797
32.7236780524254,32.7223020195961,291.934387207031
32.7838450074196,32.7825199961662,293.606506347656
32.8040150403976,32.8028310537338,295.070159912109
32.823390007019,32.8220450282097,293.780395507812
32.8636250495911,32.8618280291557,295.464172363281
32.9044240117073,32.9028380513191,296.623718261719
33.0033150315285,33.0009300112724,295.557342529297
33.4365650415421,33.0795660018921,297.238800048828
33.4374350309372,33.100172996521,298.302062988281
33.4384420514107,33.1390840411186,299.547607421875
33.4387490153313,33.1787550449371,300.812255859375
33.4392040371895,33.2597340345383,299.734252929688
33.4397040009499,33.318531036377,300.878021240234
33.4406460523605,33.3381900191307,301.888061523438
33.4409590363503,33.3780879974365,303.291015625
33.5193340182304,33.5183210372925,305.489410400391
33.5584450364113,33.5574250221252,306.703521728516
33.6781150102615,33.6770210266113,308.391143798828
33.7182910442352,33.7170250415802,309.803405761719
33.7382680177689,33.7367260456085,310.984436035156
33.7582020163536,33.7569169998169,312.065795898438
33.7787910103798,33.776987016201,314.014404296875
33.798712015152,33.7970070242882,316.095458984375
33.8190140128136,33.8166670203209,318.711303710938
33.8390670418739,33.8373520374298,320.821685791016
33.8587380051613,33.8568470478058,322.679107666016
33.8785760402679,33.8767639994621,324.224914550781
33.9199430346489,33.9173949956894,326.780151367188
33.9398159980774,33.9374770522118,328.744140625
33.9589820504189,33.9552200436592,330.640869140625
33.9782220125198,33.9757660031319,332.554809570312
33.9976500272751,33.9950030446053,339.634338378906
34.0174390077591,34.0150520205498,342.532836914062
34.0381440520287,34.0356580018997,343.584106445312
34.0560610294342,34.0544680356979,345.100128173828
34.3820980191231,34.074382007122,348.843139648438
34.382865011692,34.094222009182,353.430114746094
34.38351303339,34.1142920255661,358.208312988281
34.384104013443,34.1347390413284,1.15658569335938
34.3844320178032,34.1538550257683,3.60210132598877
34.3846800327301,34.1933619976044,6.8073263168335
34.3850319981575,34.2138330340385,8.96147441864014
34.3852640390396,34.2336990237236,12.2123031616211
34.3856440186501,34.2540970444679,13.971152305603
34.385870039463,34.2734290361404,17.1961708068848
34.3862300515175,34.2933210134506,19.1234741210938
34.387796998024,34.3331820368767,22.622709274292
34.3865210413933,34.3132290244102,20.3530864715576
34.3885840177536,34.353206038475,24.7414283752441
34.389261007309,34.3730330467224,26.1891937255859
34.3945810198784,34.3935510516167,28.2488670349121
34.413969039917,34.4128910303116,36.2587699890137
34.4338140487671,34.4328110218048,38.5992317199707
34.4539819955826,34.4528779983521,40.3593292236328
34.4735280275345,34.4725980162621,41.7666435241699
34.493480026722,34.4925220012665,43.0422401428223
34.5135070085526,34.5124950408936,44.2468681335449
34.6933880448341,34.6920520067215,42.7723197937012
34.7329590320587,34.7316100001335,44.9114990234375
34.7738820314407,34.7720670104027,46.6815605163574
34.8174720406532,34.8126360177994,47.8581047058105
34.8561910390854,34.8518600463867,48.8721008300781
34.8963470458984,34.8919010162354,51.1250114440918
34.9155110120773,34.9116270542145,52.5081253051758
34.93460303545,34.9314590096474,53.5762634277344
34.9733760356903,34.9695730209351,54.6817245483398
34.995463013649,34.9894210100174,44.1333847045898
35.0097090005875,35.0087440013885,42.505558013916
35.2461910247803,35.1481520533562,43.6069297790527
35.5699570178986,35.24794703722,44.6448631286621
35.5706440210342,35.3276790380478,45.7754745483398
35.5719320178032,35.3678950071335,47.3495750427246
35.5722970366478,35.4074460268021,50.037712097168
35.5727380514145,35.4271450042725,51.8761978149414
35.5730820298195,35.4872360229492,50.0392074584961
35.5735340118408,35.5466729998589,46.7747573852539
35.5738460421562,35.5679740309715,44.395076751709
35.5878470540047,35.5867460370064,43.221076965332
35.6276510357857,35.6265320181847,42.0847358703613
35.6474830508232,35.6463850140572,40.2989730834961
35.7272030115128,35.7260870337486,39.2050857543945
35.7471070289612,35.7460210323334,34.7965660095215
35.766470015049,35.7655010223389,31.5332355499268
35.7872740030289,35.7862730026245,28.2700061798096
35.8067100048065,35.805656015873,26.6296310424805
35.8268220424652,35.8257390260696,25.3381118774414
35.8873130083084,35.8856990337372,23.9166431427002
35.9276140332222,35.9255390167236,22.7708358764648
35.9486980438232,35.9461960196495,21.0344047546387
35.965951025486,35.9642519950867,19.7919292449951
36.4397349953651,36.104051053524,17.7893409729004
36.4400580525398,36.1441380381584,15.9327049255371
36.4403690099716,36.243155002594,17.1199760437012
36.4406730532646,36.2834320068359,19.0024719238281
36.4409150481224,36.3824300169945,17.4927978515625
36.4412580132484,36.4224070310593,15.8944702148438
36.4637230038643,36.4622500538826,16.9171619415283
36.4835610389709,36.4821830391884,18.0410270690918
36.543831050396,36.5418560504913,19.0413131713867
36.624136030674,36.6230570077896,20.5621776580811
36.6833500266075,36.6822610497475,21.9523506164551
36.7421990036964,36.7411360144615,20.8671836853027
36.7830690145493,36.7815490365028,21.9253273010254
36.823095023632,36.8217080235481,23.2740497589111
36.8628590106964,36.8611490130424,24.4972858428955
36.9025320410728,36.900800049305,23.247386932373
37.0031580328941,36.9991400241852,22.1441116333008
37.0230860114098,37.0207520127296,20.8794708251953
37.2673709988594,37.1786980032921,19.7806606292725
37.5888600349426,37.198588013649,18.6222801208496
37.589192032814,37.2581520080566,17.4169998168945
37.5895000100136,37.4375860095024,18.4988288879395
37.5897690057755,37.5370000004768,20.4512252807617
37.5900419950485,37.5575960278511,21.6119632720947
37.6376750469208,37.6366000175476,22.7655620574951
37.69737803936,37.696309030056,23.9429550170898
37.7771260142326,37.775995016098,25.3940849304199
37.9177740216255,37.9160540103912,23.9213161468506
38.0168740153313,38.0144889950752,25.0749206542969
38.058188021183,38.0549330115318,26.6459884643555
38.4480290412903,38.0938200354576,27.939432144165
38.4497820138931,38.1734530329704,26.489501953125
38.4500580430031,38.1933349967003,25.4812850952148
38.4504460096359,38.2732430100441,24.4165706634521
38.4938380122185,38.4926590323448,23.2247867584229
38.6333810091019,38.6321810483932,21.7481575012207
38.6528159976006,38.6517250537872,20.5203247070312
38.75300604105,38.7516420483589,22.0843353271484
38.8330200314522,38.831405043602,23.0850563049316
38.9147370457649,38.9120440483093,25.155912399292
38.9572430253029,38.9526510238647,26.6455364227295
38.990375995636,38.9890120029449,28.048641204834
39.0298070311546,39.0287160277367,29.1442909240723
39.3709080219269,39.0891260504723,31.2566089630127
39.3715150356293,39.1481490135193,32.5451583862305
39.3718030452728,39.3079060316086,33.6801643371582
39.4088979959488,39.4075710177422,32.6203002929688
39.4485059976578,39.4472950100899,30.9499607086182
39.5086110234261,39.5075620412827,29.7643222808838
39.5879200100899,39.5867720246315,28.5813140869141
39.6082240343094,39.6068760156631,27.2756252288818
39.7505370378494,39.7466470003128,26.2751522064209
39.8097810149193,39.8067589998245,27.3050556182861
39.8488030433655,39.8460790514946,29.3128890991211
39.9665390253067,39.9655340313911,30.8113059997559
40.0464200377464,40.0435510277748,32.8292350769043
40.2168959975243,40.0634990334511,34.1660537719727
40.2173040509224,40.0833500027657,35.7599601745605
40.5604630112648,40.1239970326424,38.5447006225586
40.5616970062256,40.1432540416718,39.8062744140625
40.56225502491,40.1633640527725,40.8798637390137
40.562550008297,40.1830080151558,42.8213691711426
40.5628190040588,40.2029670476913,44.7043609619141
40.5630890130997,40.2231670022011,46.1129608154297
40.5636930465698,40.2433640360832,47.6160659790039
40.5650220513344,40.2629179954529,48.6172790527344
40.5657030344009,40.3026910424232,50.5336570739746
40.5664280056953,40.3227030038834,52.0870170593262
40.5670550465584,40.3427140116692,53.1316452026367
40.5672780275345,40.3625630140305,54.385986328125
40.5676220059395,40.4035670161247,56.6711387634277
40.5679090023041,40.4223210215569,63.1406402587891
40.5681680440903,40.442587018013,65.0589447021484
40.5684249997139,40.4622900485992,66.325553894043
40.5687040090561,40.5019360184669,68.3686676025391
40.568952023983,40.5218700170517,69.4925231933594
40.5711899995804,40.5617360472679,70.6228637695312
40.6031129956245,40.6018440127373,72.3330764770508
40.642765045166,40.6416190266609,73.9751739501953
40.6837600469589,40.6815130114555,75.4171447753906
40.7229560017586,40.7214370369911,76.926399230957
40.7835680246353,40.7812660336494,78.5993270874023
40.8026360273361,40.801196038723,79.6029815673828
40.8222650289536,40.8209180235863,80.6373062133789
40.8626980185509,40.8610219955444,82.1954345703125
40.902656018734,40.9010010361671,83.5509643554688
40.9419620037079,40.9404820203781,85.376579284668
40.9634120464325,40.9618200063705,86.4273071289062
41.0012420415878,40.9997300505638,87.4637069702148
41.0414550304413,41.0397880077362,89.3170547485352
41.391576051712,41.0793380141258,91.0868530273438
41.3946090340614,41.1191720366478,92.7597045898438
41.3950860500336,41.1603470444679,93.7700042724609
41.3953980207443,41.1997100114822,95.2034149169922
41.3957190513611,41.2202010154724,96.3766479492188
41.3960330486298,41.2606640458107,98.0913848876953
41.3963410258293,41.299064040184,99.537353515625
41.3966420292854,41.3387130498886,100.723091125488
41.4197590351105,41.4185670018196,102.290374755859
41.4596199989319,41.4584450125694,103.929634094238
41.5192050337791,41.5180920362473,105.349281311035
41.5790520310402,41.5777960419655,110.695877075195
41.6000230312347,41.5985280275345,106.08975982666
41.6586910486221,41.6574010252953,107.146064758301
41.8980860114098,41.8967420458794,104.738151550293
42.2720670104027,42.0543600320816,105.846939086914
42.272549033165,42.2342060208321,104.787796020508
42.5977330207825,42.3934220075607,102.886428833008
42.8129590153694,42.811832010746,103.965042114258
42.8529710173607,42.8518930077553,105.068008422852
42.8931320309639,42.8918160200119,106.289566040039
42.9729779958725,42.9716550111771,107.442459106445
43.4160000085831,43.2884320020676,108.920562744141
43.4287710189819,43.4277999997139,110.834007263184
43.5085270404816,43.5075230002403,109.36051940918
43.6089700460434,43.607547044754,110.396339416504
43.7090960144997,43.7077280282974,111.410705566406
43.8910930156708,43.8868499994278,113.187362670898
44.0060900449753,44.0049540400505,114.267272949219
44.3706700205803,44.1041430234909,113.223655700684
44.3713150024414,44.1655970215797,115.197792053223
44.371603012085,44.2235790491104,116.816116333008
44.3719789981842,44.2434850335121,115.706077575684
44.4843950271606,44.4833880066872,116.868774414062
44.5237560272217,44.5226400494576,118.000045776367
44.5635920166969,44.5625230073929,120.395568847656
44.6632870435715,44.6617760062218,118.288261413574
44.9853010177612,44.9819540381432,119.766014099121
45.0244179964066,45.0202600359917,120.787178039551
45.197969019413,45.1193400025368,122.373336791992
45.5234110355377,45.2786320447922,123.447616577148
45.5237570405006,45.3385290503502,124.768363952637
45.5241290330887,45.4389970302582,122.849403381348
45.5246190428734,45.4582540392876,121.665451049805
45.6584900021553,45.6573570370674,123.11003112793
45.6785770058632,45.6775470376015,122.003158569336
45.7386580109596,45.7372870445251,120.559616088867
45.7580310106277,45.7570019960403,119.10368347168
46.0387030243874,46.0357950329781,120.229873657227
46.3787920475006,46.2142980098724,122.482070922852
46.3782629966736,46.173909008503,121.386566162109
46.3793760538101,46.2534310221672,124.871963500977
46.379666030407,46.2732500433922,126.273216247559
46.3799630403519,46.2932780385017,128.867111206055
46.3802320361137,46.3332590460777,130.457427978516
46.3804990053177,46.3737069964409,132.485382080078
46.3942660093307,46.3930950164795,133.931228637695
46.4139870405197,46.4129890203476,136.611633300781
46.434002995491,46.4329410195351,138.111541748047
46.4540300369263,46.4530180096626,139.635116577148
46.4738399982452,46.4727210402489,141.054412841797
46.4942150115967,46.4931790232658,142.329208374023
46.533686041832,46.532596051693,144.072555541992
46.5538980364799,46.5524090528488,145.671600341797
46.5735419988632,46.5724570155144,147.012496948242
46.5934300422668,46.592364013195,148.200500488281
46.6133980154991,46.6123180389404,149.673034667969
46.6331990361214,46.6322010159492,151.278259277344
46.6544880270958,46.6532430052757,152.571258544922
46.6743659973145,46.6723360419273,153.997512817383
46.7337250113487,46.7320520281792,155.777099609375
46.7742540240288,46.7725239992142,160.316925048828
46.7948270440102,46.7921740412712,162.165267944336
46.8149500489235,46.8123870491982,163.35481262207
46.8551370501518,46.8528220057487,165.283218383789
46.8755879998207,46.8728020191193,166.877944946289
46.8948619961739,46.8917460441589,168.768173217773
46.9119450449944,46.9110090136528,170.262985229492
46.9521930217743,46.951044023037,171.900436401367
46.9920000433922,46.9910490512848,174.145629882812
47.010223031044,47.009183049202,175.334136962891
47.0301139950752,47.029098033905,176.923675537109
47.7512699961662,47.0886970162392,178.503158569336
48.0731370449066,47.1285240054131,180.417755126953
48.0766260027885,47.1488510370255,181.447387695312
48.4092570543289,47.168624997139,182.515228271484
48.4099040031433,47.1884310245514,183.571197509766
48.4101800322533,47.2085870504379,187.256988525391
48.4105139970779,47.2281800508499,188.941543579102
48.4107940196991,47.2482040524483,191.878982543945
48.411042034626,47.2682530283928,193.242889404297
48.4112949967384,47.3685020208359,194.373809814453
48.4115310311317,47.4075680375099,197.919738769531
48.4118550419807,47.4275200366974,199.838027954102
48.4122320413589,47.4676350355148,201.095458984375
48.4124619960785,47.5071750283241,203.558441162109
48.4128430485725,47.5471360087395,205.243240356445
48.413124024868,47.6069030165672,206.634033203125
48.4141460061073,47.6467590332031,207.669006347656
48.4144580364227,47.6666260361671,210.004547119141
48.4147120118141,47.706553041935,211.324203491211
48.4153920412064,47.7664130330086,212.622253417969
48.4164780378342,47.8658630251884,213.760299682617
48.4171710014343,47.8861600160599,215.256301879883
48.4181040525436,48.0056980252266,213.826629638672
48.418605029583,48.044253051281,212.495895385742
48.4191980361938,48.1045179963112,213.558609008789
48.4194270372391,48.1636739969254,212.307281494141
48.4199250340462,48.1854650378227,211.056274414062
48.4205510020256,48.22344404459,209.167999267578
48.4208320379257,48.2441329956055,208.098770141602
48.4211630225182,48.2831680178642,206.983489990234
48.4219869971275,48.3629450201988,205.595626831055
48.5435430407524,48.542387008667,207.966720581055
48.703428030014,48.7020090222359,210.51416015625
48.724111020565,48.7223920226097,212.274063110352
48.745245039463,48.7420790195465,213.916961669922
48.825277030468,48.8225040435791,215.477203369141
48.8851570487022,48.8818320035934,216.655975341797
48.924831032753,48.9215980172157,217.809646606445
49.3874400258064,49.1190840005875,216.650299072266
49.3875650167465,49.1582490205765,214.728851318359
49.3880680203438,49.1980569958687,213.41845703125
49.388868033886,49.2182370424271,212.295166015625
49.3895960450172,49.2579910159111,211.084075927734
49.3899520039558,49.3178420066833,209.880172729492
49.3904940485954,49.3775400519371,207.498306274414
49.3991410136223,49.3975059986115,206.090515136719
49.5389810204506,49.5375530123711,204.965896606445
49.597924053669,49.5966320037842,203.277099609375
49.6182300448418,49.6166149973869,202.233932495117
49.6591449975967,49.6567910313606,200.082275390625
49.6787410378456,49.6766149997711,198.961990356445
49.9012640118599,49.8966450095177,200.519424438477
49.9167500138283,49.9157990217209,201.763473510742
49.9367240071297,49.9356530308723,203.599166870117
49.9569000005722,49.9558629989624,204.929931640625
49.9962810277939,49.9952960014343,206.287155151367
50.4251720309258,50.1143100261688,207.357360839844
50.4260800480843,50.1742720007896,209.143203735352
50.4263480305672,50.2740409970284,210.195129394531
50.5131430029869,50.5120130181313,212.730895996094
50.5930800437927,50.5919300317764,211.191619873047
50.6327350139618,50.6316670179367,210.156127929688
50.9942470192909,50.9917940497398,211.18147277832
51.3770770430565,51.0686380267143,212.367980957031
51.3779170513153,51.109503030777,213.376220703125
51.3782040476799,51.1480610370636,214.818664550781
51.3785610198975,51.1896060109138,216.217651367188
51.3788810372353,51.227735042572,217.288421630859
51.3902789950371,51.3875880241394,218.431594848633
51.4879610538483,51.4868010282516,219.647796630859
51.6080850362778,51.6069080233574,218.640441894531
51.6672340035439,51.6661540269852,217.311340332031
51.7680570483208,51.7663060426712,215.915481567383
51.8076620101929,51.8059120178223,214.469116210938
51.8692270517349,51.8663450479507,213.090560913086
52.1914940476418,52.162102997303,214.294906616211
52.5284850001335,52.2046910524368,215.510406494141
52.5297150015831,52.2622320055962,216.584259033203
52.5300280451775,52.3415910005569,217.875305175781
52.5303030014038,52.4013060331345,219.115783691406
52.5317299962044,52.5009770393372,221.610153198242
52.5305770039558,52.4413070082664,220.487319946289
52.5425100326538,52.541051030159,222.727691650391
52.641912996769,52.6407970190048,224.333877563477
52.6819000244141,52.6807650327682,225.520050048828
52.8424330353737,52.8405830264091,224.262664794922
53.4375810027122,53.4359490275383,223.214584350586
53.4578770399094,53.4565640091896,221.704223632812
59.9462670087814,59.9438990354538,222.709716796875
60.941594004631,60.9389830231667,221.687683105469
61.0023100376129,60.9999980330467,220.660003662109
61.3861080408096,61.1965080499649,219.593902587891
61.3868440389633,61.2755020260811,218.336074829102
61.3873680233955,61.3152720332146,216.652099609375
61.575945019722,61.5745380520821,217.678039550781
61.6355990171432,61.6342790126801,218.703262329102
61.8162330389023,61.8141500353813,217.693084716797
