timestamp,uuid,major,minor,accuracy,rssi,proximity
1.04902297258377,F0018B9B-7509-4C31-A905-1A27D39C003C,21500,48945,0.599484250318941,-61,2
1.04902297258377,F0018B9B-7509-4C31-A905-1A27D39C003C,39821,56686,1.89573565240638,-70,2
1.04902297258377,F0018B9B-7509-4C31-A905-1A27D39C003C,41738,1201,4.08423865267452,-76,3
1.04902297258377,F0018B9B-7509-4C31-A905-1A27D39C003C,38722,6270,7.74263682681127,-81,3
1.04902297258377,F0018B9B-7509-4C31-A905-1A27D39C003C,52281,20431,21.5443469003188,-89,3
1.04902297258377,F0018B9B-7509-4C31-A905-1A27D39C003C,54337,42057,40.8423865267452,-94,3
1.04902297258377,F0018B9B-7509-4C31-A905-1A27D39C003C,20277,50452,40.8423865267452,-94,3
2.04574394226074,F0018B9B-7509-4C31-A905-1A27D39C003C,21500,48945,0.676074069064641,-62,2
2.04574394226074,F0018B9B-7509-4C31-A905-1A27D39C003C,39821,56686,1.89573564747346,-70,2
2.04574394226074,F0018B9B-7509-4C31-A905-1A27D39C003C,41738,1201,4.08423861687013,-76,3
2.04574394226074,F0018B9B-7509-4C31-A905-1A27D39C003C,38722,6270,7.74263676300805,-81,3
2.04574394226074,F0018B9B-7509-4C31-A905-1A27D39C003C,52281,20431,21.54434748956,-89,3
2.04574394226074,F0018B9B-7509-4C31-A905-1A27D39C003C,54337,42057,40.8423878331992,-94,3
2.04574394226074,F0018B9B-7509-4C31-A905-1A27D39C003C,20277,50452,40.8423878331992,-94,3
3.07314598560333,F0018B9B-7509-4C31-A905-1A27D39C003C,54337,42057,-1.0,0,0
3.07314598560333,F0018B9B-7509-4C31-A905-1A27D39C003C,20277,50452,-1.0,0,0
3.07314598560333,F0018B9B-7509-4C31-A905-1A27D39C003C,21500,48945,0.678912194444074,-62,2
3.07314598560333,F0018B9B-7509-4C31-A905-1A27D39C003C,39821,56686,1.89573563639089,-70,2
3.07314598560333,F0018B9B-7509-4C31-A905-1A27D39C003C,41738,1201,3.85812274993472,-75,3
3.07314598560333,F0018B9B-7509-4C31-A905-1A27D39C003C,38722,6270,7.74263673463431,-81,3
3.07314598560333,F0018B9B-7509-4C31-A905-1A27D39C003C,52281,20431,24.369464264234,-94,3
4.0992339849472,F0018B9B-7509-4C31-A905-1A27D39C003C,20277,50452,-1.0,0,0
4.0992339849472,F0018B9B-7509-4C31-A905-1A27D39C003C,21500,48945,0.679971171510096,-62,2
4.0992339849472,F0018B9B-7509-4C31-A905-1A27D39C003C,39821,56686,2.06604832826707,-72,2
4.0992339849472,F0018B9B-7509-4C31-A905-1A27D39C003C,41738,1201,3.92815658754835,-76,3
4.0992339849472,F0018B9B-7509-4C31-A905-1A27D39C003C,38722,6270,8.93158423369972,-86,3
4.0992339849472,F0018B9B-7509-4C31-A905-1A27D39C003C,52281,20431,26.5267459715283,-94,3
4.0992339849472,F0018B9B-7509-4C31-A905-1A27D39C003C,54337,42057,42.7905186053525,-94,3
5.08925294876099,F0018B9B-7509-4C31-A905-1A27D39C003C,21500,48945,0.873462352579337,-68,2
5.08925294876099,F0018B9B-7509-4C31-A905-1A27D39C003C,39821,56686,2.63575092583895,-80,2
5.08925294876099,F0018B9B-7509-4C31-A905-1A27D39C003C,41738,1201,4.52622744426966,-81,3
5.08925294876099,F0018B9B-7509-4C31-A905-1A27D39C003C,38722,6270,7.35719417008283,-77,3
5.08925294876099,F0018B9B-7509-4C31-A905-1A27D39C003C,52281,20431,25.510047872486,-89,3
5.08925294876099,F0018B9B-7509-4C31-A905-1A27D39C003C,20277,50452,34.2343579605968,-87,3
5.08925294876099,F0018B9B-7509-4C31-A905-1A27D39C003C,54337,42057,42.5253208560793,-94,3
6.0886749625206,F0018B9B-7509-4C31-A905-1A27D39C003C,54337,42057,-1.0,0,0
6.0886749625206,F0018B9B-7509-4C31-A905-1A27D39C003C,27850,24174,-1.0,0,0
6.0886749625206,F0018B9B-7509-4C31-A905-1A27D39C003C,21500,48945,1.09853680980638,-70,2
6.0886749625206,F0018B9B-7509-4C31-A905-1A27D39C003C,39821,56686,3.3367694590018,-84,3
6.0886749625206,F0018B9B-7509-4C31-A905-1A27D39C003C,41738,1201,5.01538073219318,-81,3
6.0886749625206,F0018B9B-7509-4C31-A905-1A27D39C003C,38722,6270,6.57490433964435,-77,3
6.0886749625206,F0018B9B-7509-4C31-A905-1A27D39C003C,52281,20431,24.2370088101678,-88,3
6.0886749625206,F0018B9B-7509-4C31-A905-1A27D39C003C,20277,50452,31.6569387655808,-89,3
7.08750694990158,F0018B9B-7509-4C31-A905-1A27D39C003C,27850,24174,-1.0,0,0
7.08750694990158,F0018B9B-7509-4C31-A905-1A27D39C003C,21500,48945,1.32628084443661,-71,2
7.08750694990158,F0018B9B-7509-4C31-A905-1A27D39C003C,39821,56686,3.49397780865566,-76,3
7.08750694990158,F0018B9B-7509-4C31-A905-1A27D39C003C,41738,1201,5.31313802028456,-80,3
7.08750694990158,F0018B9B-7509-4C31-A905-1A27D39C003C,38722,6270,6.09982143895702,-77,3
7.08750694990158,F0018B9B-7509-4C31-A905-1A27D39C003C,52281,20431,23.3442235752095,-88,3
7.08750694990158,F0018B9B-7509-4C31-A905-1A27D39C003C,20277,50452,32.1381362025557,-93,3
7.08750694990158,F0018B9B-7509-4C31-A905-1A27D39C003C,54337,42057,40.8517111662811,-92,3
8.10428899526596,F0018B9B-7509-4C31-A905-1A27D39C003C,23750,52833,-1.0,0,0
8.10428899526596,F0018B9B-7509-4C31-A905-1A27D39C003C,54337,42057,-1.0,0,0
8.10428899526596,F0018B9B-7509-4C31-A905-1A27D39C003C,27850,24174,-1.0,0,0
8.10428899526596,F0018B9B-7509-4C31-A905-1A27D39C003C,21500,48945,1.55879938647123,-72,2
8.10428899526596,F0018B9B-7509-4C31-A905-1A27D39C003C,39821,56686,3.51628843347531,-75,3
8.10428899526596,F0018B9B-7509-4C31-A905-1A27D39C003C,38722,6270,5.42818185740339,-75,3
8.10428899526596,F0018B9B-7509-4C31-A905-1A27D39C003C,41738,1201,5.66328181339173,-81,3
8.10428899526596,F0018B9B-7509-4C31-A905-1A27D39C003C,52281,20431,22.221308964875,-87,3
8.10428899526596,F0018B9B-7509-4C31-A905-1A27D39C003C,20277,50452,30.4048081618446,-89,3
9.11835199594498,F0018B9B-7509-4C31-A905-1A27D39C003C,23750,52833,-1.0,0,0
9.11835199594498,F0018B9B-7509-4C31-A905-1A27D39C003C,27850,24174,-1.0,0,0
9.11835199594498,F0018B9B-7509-4C31-A905-1A27D39C003C,21500,48945,1.9202989742152,-76,3
9.11835199594498,F0018B9B-7509-4C31-A905-1A27D39C003C,39821,56686,2.55755086669651,-67,3
9.11835199594498,F0018B9B-7509-4C31-A905-1A27D39C003C,38722,6270,4.98697281758106,-75,3
9.11835199594498,F0018B9B-7509-4C31-A905-1A27D39C003C,41738,1201,5.44097026881712,-77,3
9.11835199594498,F0018B9B-7509-4C31-A905-1A27D39C003C,52281,20431,19.96224269706,-84,3
9.11835199594498,F0018B9B-7509-4C31-A905-1A27D39C003C,20277,50452,30.5323880546863,-92,3
9.11835199594498,F0018B9B-7509-4C31-A905-1A27D39C003C,54337,42057,43.6225574365904,-95,3
10.0455409884453,F0018B9B-7509-4C31-A905-1A27D39C003C,23750,52833,-1.0,0,0
10.0455409884453,F0018B9B-7509-4C31-A905-1A27D39C003C,54337,42057,-1.0,0,0
10.0455409884453,F0018B9B-7509-4C31-A905-1A27D39C003C,27850,24174,-1.0,0,0
10.0455409884453,F0018B9B-7509-4C31-A905-1A27D39C003C,39821,56686,2.09985671532242,-67,2
10.0455409884453,F0018B9B-7509-4C31-A905-1A27D39C003C,21500,48945,1.91327374361867,-70,3
10.0455409884453,F0018B9B-7509-4C31-A905-1A27D39C003C,38722,6270,5.31304704680999,-81,3
10.0455409884453,F0018B9B-7509-4C31-A905-1A27D39C003C,41738,1201,5.41053093844361,-78,3
10.0455409884453,F0018B9B-7509-4C31-A905-1A27D39C003C,52281,20431,19.8435312782726,-88,3
10.0455409884453,F0018B9B-7509-4C31-A905-1A27D39C003C,20277,50452,29.7783912612645,-90,3
11.0454729795456,F0018B9B-7509-4C31-A905-1A27D39C003C,23750,52833,-1.0,0,0
11.0454729795456,F0018B9B-7509-4C31-A905-1A27D39C003C,54337,42057,-1.0,0,0
11.0454729795456,F0018B9B-7509-4C31-A905-1A27D39C003C,27850,24174,-1.0,0,0
11.0454729795456,F0018B9B-7509-4C31-A905-1A27D39C003C,39821,56686,1.97984950334772,-69,2
11.0454729795456,F0018B9B-7509-4C31-A905-1A27D39C003C,21500,48945,1.76702615153086,-68,3
11.0454729795456,F0018B9B-7509-4C31-A905-1A27D39C003C,41738,1201,4.81378658812707,-74,3
11.0454729795456,F0018B9B-7509-4C31-A905-1A27D39C003C,38722,6270,5.52014042804723,-80,3
11.0454729795456,F0018B9B-7509-4C31-A905-1A27D39C003C,52281,20431,20.8568508662864,-93,3
11.0454729795456,F0018B9B-7509-4C31-A905-1A27D39C003C,20277,50452,30.2860121374551,-93,3
12.131197988987,F0018B9B-7509-4C31-A905-1A27D39C003C,23750,52833,-1.0,0,0
12.131197988987,F0018B9B-7509-4C31-A905-1A27D39C003C,54337,42057,-1.0,0,0
12.131197988987,F0018B9B-7509-4C31-A905-1A27D39C003C,27850,24174,-1.0,0,0
12.131197988987,F0018B9B-7509-4C31-A905-1A27D39C003C,39821,56686,2.30179498200251,-77,2
12.131197988987,F0018B9B-7509-4C31-A905-1A27D39C003C,21500,48945,1.6067265710901,-67,3
12.131197988987,F0018B9B-7509-4C31-A905-1A27D39C003C,41738,1201,3.96250260348927,-71,3
12.131197988987,F0018B9B-7509-4C31-A905-1A27D39C003C,38722,6270,5.59462503480069,-79,3
12.131197988987,F0018B9B-7509-4C31-A905-1A27D39C003C,52281,20431,21.8148356952768,-93,3
12.131197988987,F0018B9B-7509-4C31-A905-1A27D39C003C,20277,50452,30.4066408165489,-92,3
13.0449779629707,F0018B9B-7509-4C31-A905-1A27D39C003C,54337,42057,-1.0,0,0
13.0449779629707,F0018B9B-7509-4C31-A905-1A27D39C003C,27850,24174,-1.0,0,0
13.0449779629707,F0018B9B-7509-4C31-A905-1A27D39C003C,21500,48945,1.81804782408523,-73,2
13.0449779629707,F0018B9B-7509-4C31-A905-1A27D39C003C,39821,56686,2.62189328479964,-77,2
13.0449779629707,F0018B9B-7509-4C31-A905-1A27D39C003C,41738,1201,3.31551526619511,-70,3
13.0449779629707,F0018B9B-7509-4C31-A905-1A27D39C003C,38722,6270,6.11009114958308,-84,3
13.0449779629707,F0018B9B-7509-4C31-A905-1A27D39C003C,52281,20431,22.8945708513096,-94,3
13.0449779629707,F0018B9B-7509-4C31-A905-1A27D39C003C,20277,50452,30.1533475902769,-91,3
13.0449779629707,F0018B9B-7509-4C31-A905-1A27D39C003C,23750,52833,50.4079112542856,-94,3
14.0509509444237,F0018B9B-7509-4C31-A905-1A27D39C003C,23750,52833,-1.0,0,0
14.0509509444237,F0018B9B-7509-4C31-A905-1A27D39C003C,54337,42057,-1.0,0,0
14.0509509444237,F0018B9B-7509-4C31-A905-1A27D39C003C,27850,24174,-1.0,0,0
14.0509509444237,F0018B9B-7509-4C31-A905-1A27D39C003C,21500,48945,1.95441414105271,-72,2
14.0509509444237,F0018B9B-7509-4C31-A905-1A27D39C003C,39821,56686,3.02371815214397,-79,2
14.0509509444237,F0018B9B-7509-4C31-A905-1A27D39C003C,41738,1201,2.04904810102263,-63,3
14.0509509444237,F0018B9B-7509-4C31-A905-1A27D39C003C,38722,6270,5.65270225851776,-76,3
14.0509509444237,F0018B9B-7509-4C31-A905-1A27D39C003C,52281,20431,23.7408250735925,-93,3
14.0509509444237,F0018B9B-7509-4C31-A905-1A27D39C003C,20277,50452,28.6650134975278,-88,3
15.0599899888039,F0018B9B-7509-4C31-A905-1A27D39C003C,54337,42057,-1.0,0,0
15.0599899888039,F0018B9B-7509-4C31-A905-1A27D39C003C,27850,24174,-1.0,0,0
15.0599899888039,F0018B9B-7509-4C31-A905-1A27D39C003C,21500,48945,2.17448664823202,-74,2
15.0599899888039,F0018B9B-7509-4C31-A905-1A27D39C003C,41738,1201,1.51359699623497,-63,3
15.0599899888039,F0018B9B-7509-4C31-A905-1A27D39C003C,39821,56686,3.71478799208345,-87,3
15.0599899888039,F0018B9B-7509-4C31-A905-1A27D39C003C,38722,6270,5.01127682920206,-74,3
15.0599899888039,F0018B9B-7509-4C31-A905-1A27D39C003C,52281,20431,24.7296701349811,-94,3
15.0599899888039,F0018B9B-7509-4C31-A905-1A27D39C003C,20277,50452,25.9460375598561,-85,3
15.0599899888039,F0018B9B-7509-4C31-A905-1A27D39C003C,23750,52833,43.8988069086414,-90,3
16.0466059446335,F0018B9B-7509-4C31-A905-1A27D39C003C,29351,12971,-1.0,0,0
16.0466059446335,F0018B9B-7509-4C31-A905-1A27D39C003C,20277,50452,-1.0,0,0
16.0466059446335,F0018B9B-7509-4C31-A905-1A27D39C003C,21500,48945,2.51819434751795,-77,2
16.0466059446335,F0018B9B-7509-4C31-A905-1A27D39C003C,41738,1201,1.76783038551605,-75,3
16.0466059446335,F0018B9B-7509-4C31-A905-1A27D39C003C,39821,56686,4.5201728130589,-89,3
16.0466059446335,F0018B9B-7509-4C31-A905-1A27D39C003C,38722,6270,5.52020338473573,-84,3
16.0466059446335,F0018B9B-7509-4C31-A905-1A27D39C003C,52281,20431,24.706640641148,-90,3
16.0466059446335,F0018B9B-7509-4C31-A905-1A27D39C003C,23750,52833,44.2224145909968,-95,3
16.0466059446335,F0018B9B-7509-4C31-A905-1A27D39C003C,54337,42057,45.7358435908822,-95,3
16.0466059446335,F0018B9B-7509-4C31-A905-1A27D39C003C,27850,24174,59.7567817753643,-94,3
17.048633992672,F0018B9B-7509-4C31-A905-1A27D39C003C,23750,52833,-1.0,0,0
17.048633992672,F0018B9B-7509-4C31-A905-1A27D39C003C,29351,12971,-1.0,0,0
17.048633992672,F0018B9B-7509-4C31-A905-1A27D39C003C,27850,24174,-1.0,0,0
17.048633992672,F0018B9B-7509-4C31-A905-1A27D39C003C,21500,48945,3.16278916841147,-86,2
17.048633992672,F0018B9B-7509-4C31-A905-1A27D39C003C,41738,1201,2.24419843268387,-83,3
17.048633992672,F0018B9B-7509-4C31-A905-1A27D39C003C,39821,56686,5.46975168340418,-92,3
17.048633992672,F0018B9B-7509-4C31-A905-1A27D39C003C,38722,6270,6.2478434953183,-88,3
17.048633992672,F0018B9B-7509-4C31-A905-1A27D39C003C,52281,20431,22.3217577875748,-84,3
17.048633992672,F0018B9B-7509-4C31-A905-1A27D39C003C,20277,50452,26.0955582392435,-91,3
17.048633992672,F0018B9B-7509-4C31-A905-1A27D39C003C,54337,42057,45.8631801315756,-95,3
18.0560739636421,F0018B9B-7509-4C31-A905-1A27D39C003C,41738,1201,-1.0,0,0
18.0560739636421,F0018B9B-7509-4C31-A905-1A27D39C003C,29351,12971,-1.0,0,0
18.0560739636421,F0018B9B-7509-4C31-A905-1A27D39C003C,54337,42057,-1.0,0,0
18.0560739636421,F0018B9B-7509-4C31-A905-1A27D39C003C,38722,6270,-1.0,0,0
18.0560739636421,F0018B9B-7509-4C31-A905-1A27D39C003C,21500,48945,3.91897805995406,-88,3
18.0560739636421,F0018B9B-7509-4C31-A905-1A27D39C003C,39821,56686,6.41660207891789,-90,3
18.0560739636421,F0018B9B-7509-4C31-A905-1A27D39C003C,20277,50452,12.3313217818235,-71,3
18.0560739636421,F0018B9B-7509-4C31-A905-1A27D39C003C,52281,20431,20.0943461959787,-83,3
18.0560739636421,F0018B9B-7509-4C31-A905-1A27D39C003C,27850,24174,24.4843674682223,-90,3
18.0560739636421,F0018B9B-7509-4C31-A905-1A27D39C003C,23750,52833,40.2638084449577,-90,3
19.0540969967842,F0018B9B-7509-4C31-A905-1A27D39C003C,29351,12971,-1.0,0,0
19.0540969967842,F0018B9B-7509-4C31-A905-1A27D39C003C,54337,42057,-1.0,0,0
19.0540969967842,F0018B9B-7509-4C31-A905-1A27D39C003C,41738,1201,2.91895212361687,-91,3
19.0540969967842,F0018B9B-7509-4C31-A905-1A27D39C003C,21500,48945,4.79019629572262,-90,3
19.0540969967842,F0018B9B-7509-4C31-A905-1A27D39C003C,38722,6270,6.94895880780255,-87,3
19.0540969967842,F0018B9B-7509-4C31-A905-1A27D39C003C,39821,56686,7.33639354649265,-89,3
19.0540969967842,F0018B9B-7509-4C31-A905-1A27D39C003C,20277,50452,8.29846717844148,-71,3
19.0540969967842,F0018B9B-7509-4C31-A905-1A27D39C003C,27850,24174,18.9573565240638,-88,3
19.0540969967842,F0018B9B-7509-4C31-A905-1A27D39C003C,52281,20431,20.7746836402215,-92,3
19.0540969967842,F0018B9B-7509-4C31-A905-1A27D39C003C,23750,52833,37.3215083745457,-90,3
20.0527259707451,F0018B9B-7509-4C31-A905-1A27D39C003C,27850,24174,-1.0,0,0
20.0527259707451,F0018B9B-7509-4C31-A905-1A27D39C003C,41738,1201,4.04678397376774,-88,3
20.0527259707451,F0018B9B-7509-4C31-A905-1A27D39C003C,21500,48945,5.80615049428313,-93,3
20.0527259707451,F0018B9B-7509-4C31-A905-1A27D39C003C,39821,56686,8.01067115595015,-86,3
20.0527259707451,F0018B9B-7509-4C31-A905-1A27D39C003C,38722,6270,8.16282751556073,-90,3
20.0527259707451,F0018B9B-7509-4C31-A905-1A27D39C003C,20277,50452,8.63893384808063,-85,3
20.0527259707451,F0018B9B-7509-4C31-A905-1A27D39C003C,52281,20431,20.3284724225902,-87,3
20.0527259707451,F0018B9B-7509-4C31-A905-1A27D39C003C,29351,12971,24.4843674682223,-90,3
20.0527259707451,F0018B9B-7509-4C31-A905-1A27D39C003C,23750,52833,32.7542623528997,-87,3
20.0527259707451,F0018B9B-7509-4C31-A905-1A27D39C003C,54337,42057,38.772899509493,-89,3
21.0466399788857,F0018B9B-7509-4C31-A905-1A27D39C003C,27850,24174,-1.0,0,0
21.0466399788857,F0018B9B-7509-4C31-A905-1A27D39C003C,41738,1201,5.37973639738534,-95,3
21.0466399788857,F0018B9B-7509-4C31-A905-1A27D39C003C,21500,48945,6.67848679943567,-88,3
21.0466399788857,F0018B9B-7509-4C31-A905-1A27D39C003C,39821,56686,8.40695441675811,-84,3
21.0466399788857,F0018B9B-7509-4C31-A905-1A27D39C003C,20277,50452,8.8848502989252,-84,3
21.0466399788857,F0018B9B-7509-4C31-A905-1A27D39C003C,38722,6270,9.53625700220897,-93,3
21.0466399788857,F0018B9B-7509-4C31-A905-1A27D39C003C,52281,20431,19.9392220916073,-87,3
21.0466399788857,F0018B9B-7509-4C31-A905-1A27D39C003C,23750,52833,27.3252281140425,-84,3
21.0466399788857,F0018B9B-7509-4C31-A905-1A27D39C003C,29351,12971,27.8255940220712,-91,3
21.0466399788857,F0018B9B-7509-4C31-A905-1A27D39C003C,54337,42057,34.1696625370312,-89,3
22.0577439665794,F0018B9B-7509-4C31-A905-1A27D39C003C,39821,56686,-1.0,0,0
22.0577439665794,F0018B9B-7509-4C31-A905-1A27D39C003C,27850,24174,-1.0,0,0
22.0577439665794,F0018B9B-7509-4C31-A905-1A27D39C003C,41738,1201,6.77665535390467,-95,3
22.0577439665794,F0018B9B-7509-4C31-A905-1A27D39C003C,21500,48945,7.46975279397034,-87,3
22.0577439665794,F0018B9B-7509-4C31-A905-1A27D39C003C,20277,50452,9.2277162744698,-85,3
22.0577439665794,F0018B9B-7509-4C31-A905-1A27D39C003C,38722,6270,10.820671696136,-92,3
22.0577439665794,F0018B9B-7509-4C31-A905-1A27D39C003C,52281,20431,19.0155661550228,-85,3
22.0577439665794,F0018B9B-7509-4C31-A905-1A27D39C003C,23750,52833,27.7043924643828,-92,3
22.0577439665794,F0018B9B-7509-4C31-A905-1A27D39C003C,54337,42057,32.2808169989429,-90,3
22.0577439665794,F0018B9B-7509-4C31-A905-1A27D39C003C,29351,12971,53.6157597551532,-93,3
23.0455519556999,F0018B9B-7509-4C31-A905-1A27D39C003C,39821,56686,-1.0,0,0
23.0455519556999,F0018B9B-7509-4C31-A905-1A27D39C003C,41738,1201,8.13442454621559,-93,3
23.0455519556999,F0018B9B-7509-4C31-A905-1A27D39C003C,21500,48945,8.38277275560282,-89,3
23.0455519556999,F0018B9B-7509-4C31-A905-1A27D39C003C,20277,50452,9.31496329417666,-83,3
23.0455519556999,F0018B9B-7509-4C31-A905-1A27D39C003C,38722,6270,11.8591479765846,-90,3
23.0455519556999,F0018B9B-7509-4C31-A905-1A27D39C003C,52281,20431,18.2428292726648,-85,3
23.0455519556999,F0018B9B-7509-4C31-A905-1A27D39C003C,23750,52833,24.9432226047435,-85,3
23.0455519556999,F0018B9B-7509-4C31-A905-1A27D39C003C,54337,42057,32.1917527162766,-92,3
23.0455519556999,F0018B9B-7509-4C31-A905-1A27D39C003C,27850,24174,45.3756243272443,-93,3
23.0455519556999,F0018B9B-7509-4C31-A905-1A27D39C003C,29351,12971,48.6297210132981,-90,3
24.0555839538574,F0018B9B-7509-4C31-A905-1A27D39C003C,39821,56686,-1.0,0,0
24.0555839538574,F0018B9B-7509-4C31-A905-1A27D39C003C,20277,50452,8.51396039882078,-78,3
24.0555839538574,F0018B9B-7509-4C31-A905-1A27D39C003C,21500,48945,9.35441242480719,-90,3
24.0555839538574,F0018B9B-7509-4C31-A905-1A27D39C003C,41738,1201,9.60026787469243,-95,3
24.0555839538574,F0018B9B-7509-4C31-A905-1A27D39C003C,38722,6270,13.3110321312886,-95,3
24.0555839538574,F0018B9B-7509-4C31-A905-1A27D39C003C,52281,20431,17.5877328181966,-85,3
24.0555839538574,F0018B9B-7509-4C31-A905-1A27D39C003C,23750,52833,23.8342045007263,-87,3
24.0555839538574,F0018B9B-7509-4C31-A905-1A27D39C003C,54337,42057,31.0053069417963,-90,3
24.0555839538574,F0018B9B-7509-4C31-A905-1A27D39C003C,27850,24174,44.2913342746194,-93,3
24.0555839538574,F0018B9B-7509-4C31-A905-1A27D39C003C,29351,12971,44.9761263603577,-90,3
25.0568159818649,F0018B9B-7509-4C31-A905-1A27D39C003C,39821,56686,-1.0,0,0
25.0568159818649,F0018B9B-7509-4C31-A905-1A27D39C003C,20277,50452,8.89408163619057,-85,3
25.0568159818649,F0018B9B-7509-4C31-A905-1A27D39C003C,21500,48945,10.5788480406943,-94,3
25.0568159818649,F0018B9B-7509-4C31-A905-1A27D39C003C,41738,1201,11.0862492805272,-95,3
25.0568159818649,F0018B9B-7509-4C31-A905-1A27D39C003C,38722,6270,14.7603425115215,-95,3
25.0568159818649,F0018B9B-7509-4C31-A905-1A27D39C003C,52281,20431,17.0265169253872,-85,3
25.0568159818649,F0018B9B-7509-4C31-A905-1A27D39C003C,23750,52833,22.9298909047531,-87,3
25.0568159818649,F0018B9B-7509-4C31-A905-1A27D39C003C,54337,42057,27.5473112464406,-86,3
25.0568159818649,F0018B9B-7509-4C31-A905-1A27D39C003C,29351,12971,32.5467455120553,-81,3
25.0568159818649,F0018B9B-7509-4C31-A905-1A27D39C003C,27850,24174,40.5037745338153,-89,3
26.0457979440689,F0018B9B-7509-4C31-A905-1A27D39C003C,41738,1201,-1.0,0,0
26.0457979440689,F0018B9B-7509-4C31-A905-1A27D39C003C,39821,56686,-1.0,0,0
26.0457979440689,F0018B9B-7509-4C31-A905-1A27D39C003C,20277,50452,9.67515407008279,-90,3
26.0457979440689,F0018B9B-7509-4C31-A905-1A27D39C003C,21500,48945,11.831933484549,-94,3
26.0457979440689,F0018B9B-7509-4C31-A905-1A27D39C003C,38722,6270,16.0980727979087,-94,3
26.0457979440689,F0018B9B-7509-4C31-A905-1A27D39C003C,52281,20431,18.0809841573454,-95,3
26.0457979440689,F0018B9B-7509-4C31-A905-1A27D39C003C,23750,52833,19.4694107889407,-81,3
26.0457979440689,F0018B9B-7509-4C31-A905-1A27D39C003C,54337,42057,23.2087126986836,-83,3
26.0457979440689,F0018B9B-7509-4C31-A905-1A27D39C003C,29351,12971,27.6689839801883,-83,3
26.0457979440689,F0018B9B-7509-4C31-A905-1A27D39C003C,27850,24174,38.3695952045084,-90,3
27.0442169904709,F0018B9B-7509-4C31-A905-1A27D39C003C,41738,1201,-1.0,0,0
27.0442169904709,F0018B9B-7509-4C31-A905-1A27D39C003C,39821,56686,-1.0,0,0
27.0442169904709,F0018B9B-7509-4C31-A905-1A27D39C003C,20277,50452,10.7086275069538,-94,3
27.0442169904709,F0018B9B-7509-4C31-A905-1A27D39C003C,21500,48945,13.0989185891861,-94,3
27.0442169904709,F0018B9B-7509-4C31-A905-1A27D39C003C,23750,52833,15.1014903129744,-77,3
27.0442169904709,F0018B9B-7509-4C31-A905-1A27D39C003C,54337,42057,17.217087577126,-78,3
27.0442169904709,F0018B9B-7509-4C31-A905-1A27D39C003C,29351,12971,17.2532797099601,-74,3
27.0442169904709,F0018B9B-7509-4C31-A905-1A27D39C003C,38722,6270,17.4003125914454,-94,3
27.0442169904709,F0018B9B-7509-4C31-A905-1A27D39C003C,52281,20431,18.8253846201688,-92,3
27.0442169904709,F0018B9B-7509-4C31-A905-1A27D39C003C,27850,24174,36.6608224142261,-90,3
28.045579969883,F0018B9B-7509-4C31-A905-1A27D39C003C,41738,1201,-1.0,0,0
28.045579969883,F0018B9B-7509-4C31-A905-1A27D39C003C,39821,56686,-1.0,0,0
28.045579969883,F0018B9B-7509-4C31-A905-1A27D39C003C,38722,6270,-1.0,0,0
28.045579969883,F0018B9B-7509-4C31-A905-1A27D39C003C,23750,52833,11.6473453055541,-75,3
28.045579969883,F0018B9B-7509-4C31-A905-1A27D39C003C,20277,50452,11.8469072848398,-95,3
28.045579969883,F0018B9B-7509-4C31-A905-1A27D39C003C,29351,12971,12.1452404599338,-73,3
28.045579969883,F0018B9B-7509-4C31-A905-1A27D39C003C,54337,42057,12.4468320814292,-75,3
28.045579969883,F0018B9B-7509-4C31-A905-1A27D39C003C,21500,48945,14.4473412017274,-95,3
28.045579969883,F0018B9B-7509-4C31-A905-1A27D39C003C,52281,20431,19.2353682319143,-90,3
28.045579969883,F0018B9B-7509-4C31-A905-1A27D39C003C,27850,24174,30.2171599129613,-83,3
29.0956519842148,F0018B9B-7509-4C31-A905-1A27D39C003C,41738,1201,-1.0,0,0
29.0956519842148,F0018B9B-7509-4C31-A905-1A27D39C003C,21500,48945,-1.0,0,0
29.0956519842148,F0018B9B-7509-4C31-A905-1A27D39C003C,39821,56686,-1.0,0,0
29.0956519842148,F0018B9B-7509-4C31-A905-1A27D39C003C,38722,6270,-1.0,0,0
29.0956519842148,F0018B9B-7509-4C31-A905-1A27D39C003C,23750,52833,9.23712949355312,-74,3
29.0956519842148,F0018B9B-7509-4C31-A905-1A27D39C003C,29351,12971,9.39361808262206,-73,3
29.0956519842148,F0018B9B-7509-4C31-A905-1A27D39C003C,54337,42057,11.201174257656,-79,3
29.0956519842148,F0018B9B-7509-4C31-A905-1A27D39C003C,20277,50452,12.9764715191962,-94,3
29.0956519842148,F0018B9B-7509-4C31-A905-1A27D39C003C,52281,20431,20.0949214413627,-93,3
29.0956519842148,F0018B9B-7509-4C31-A905-1A27D39C003C,27850,24174,26.0545034459331,-83,3
30.0463799834251,F0018B9B-7509-4C31-A905-1A27D39C003C,41738,1201,-1.0,0,0
30.0463799834251,F0018B9B-7509-4C31-A905-1A27D39C003C,21500,48945,-1.0,0,0
30.0463799834251,F0018B9B-7509-4C31-A905-1A27D39C003C,39821,56686,-1.0,0,0
30.0463799834251,F0018B9B-7509-4C31-A905-1A27D39C003C,38722,6270,-1.0,0,0
30.0463799834251,F0018B9B-7509-4C31-A905-1A27D39C003C,23750,52833,5.95554741230957,-68,3
30.0463799834251,F0018B9B-7509-4C31-A905-1A27D39C003C,29351,12971,8.35536962759676,-76,3
30.0463799834251,F0018B9B-7509-4C31-A905-1A27D39C003C,54337,42057,10.4833307195565,-80,3
30.0463799834251,F0018B9B-7509-4C31-A905-1A27D39C003C,20277,50452,14.1315137869622,-94,3
30.0463799834251,F0018B9B-7509-4C31-A905-1A27D39C003C,52281,20431,21.0747651948742,-94,3
30.0463799834251,F0018B9B-7509-4C31-A905-1A27D39C003C,27850,24174,25.3063160801067,-88,3
31.0553129911423,F0018B9B-7509-4C31-A905-1A27D39C003C,41738,1201,-1.0,0,0
31.0553129911423,F0018B9B-7509-4C31-A905-1A27D39C003C,21500,48945,-1.0,0,0
31.0553129911423,F0018B9B-7509-4C31-A905-1A27D39C003C,39821,56686,-1.0,0,0
31.0553129911423,F0018B9B-7509-4C31-A905-1A27D39C003C,38722,6270,-1.0,0,0
31.0553129911423,F0018B9B-7509-4C31-A905-1A27D39C003C,23750,52833,4.17828575172211,-67,3
31.0553129911423,F0018B9B-7509-4C31-A905-1A27D39C003C,29351,12971,8.02548850449711,-79,3
31.0553129911423,F0018B9B-7509-4C31-A905-1A27D39C003C,54337,42057,10.0920018567783,-81,3
31.0553129911423,F0018B9B-7509-4C31-A905-1A27D39C003C,20277,50452,15.3806001683664,-95,3
31.0553129911423,F0018B9B-7509-4C31-A905-1A27D39C003C,52281,20431,22.1736822345671,-95,3
31.0553129911423,F0018B9B-7509-4C31-A905-1A27D39C003C,27850,24174,24.6532141396341,-88,3
32.3250959515572,F0018B9B-7509-4C31-A905-1A27D39C003C,52281,20431,-1.0,0,0
32.3250959515572,F0018B9B-7509-4C31-A905-1A27D39C003C,41738,1201,-1.0,0,0
32.3250959515572,F0018B9B-7509-4C31-A905-1A27D39C003C,21500,48945,-1.0,0,0
32.3250959515572,F0018B9B-7509-4C31-A905-1A27D39C003C,39821,56686,-1.0,0,0
32.3250959515572,F0018B9B-7509-4C31-A905-1A27D39C003C,38722,6270,-1.0,0,0
32.3250959515572,F0018B9B-7509-4C31-A905-1A27D39C003C,23750,52833,3.33124803825472,-68,3
32.3250959515572,F0018B9B-7509-4C31-A905-1A27D39C003C,29351,12971,7.86855785139927,-80,3
32.3250959515572,F0018B9B-7509-4C31-A905-1A27D39C003C,54337,42057,9.75858194638076,-81,3
32.3250959515572,F0018B9B-7509-4C31-A905-1A27D39C003C,20277,50452,16.5527121467715,-94,3
32.3250959515572,F0018B9B-7509-4C31-A905-1A27D39C003C,27850,24174,24.639728828754,-90,3
33.0470249652863,F0018B9B-7509-4C31-A905-1A27D39C003C,41738,1201,-1.0,0,0
33.0470249652863,F0018B9B-7509-4C31-A905-1A27D39C003C,21500,48945,-1.0,0,0
33.0470249652863,F0018B9B-7509-4C31-A905-1A27D39C003C,39821,56686,-1.0,0,0
33.0470249652863,F0018B9B-7509-4C31-A905-1A27D39C003C,38722,6270,-1.0,0,0
33.0470249652863,F0018B9B-7509-4C31-A905-1A27D39C003C,23750,52833,2.769351499179,-68,3
33.0470249652863,F0018B9B-7509-4C31-A905-1A27D39C003C,29351,12971,7.27014112265715,-77,3
33.0470249652863,F0018B9B-7509-4C31-A905-1A27D39C003C,54337,42057,8.88648286879759,-78,3
33.0470249652863,F0018B9B-7509-4C31-A905-1A27D39C003C,20277,50452,17.4723292166225,-92,3
33.0470249652863,F0018B9B-7509-4C31-A905-1A27D39C003C,52281,20431,23.1228883286415,-94,3
33.0470249652863,F0018B9B-7509-4C31-A905-1A27D39C003C,27850,24174,25.0804752314203,-92,3
34.0521509647369,F0018B9B-7509-4C31-A905-1A27D39C003C,41738,1201,-1.0,0,0
34.0521509647369,F0018B9B-7509-4C31-A905-1A27D39C003C,21500,48945,-1.0,0,0
34.0521509647369,F0018B9B-7509-4C31-A905-1A27D39C003C,39821,56686,-1.0,0,0
34.0521509647369,F0018B9B-7509-4C31-A905-1A27D39C003C,38722,6270,-1.0,0,0
34.0521509647369,F0018B9B-7509-4C31-A905-1A27D39C003C,23750,52833,2.63234020411301,-71,2
34.0521509647369,F0018B9B-7509-4C31-A905-1A27D39C003C,29351,12971,6.79057606498266,-77,3
34.0521509647369,F0018B9B-7509-4C31-A905-1A27D39C003C,54337,42057,8.4038293833441,-79,3
34.0521509647369,F0018B9B-7509-4C31-A905-1A27D39C003C,20277,50452,18.2003960167152,-91,3
34.0521509647369,F0018B9B-7509-4C31-A905-1A27D39C003C,52281,20431,24.2508731807812,-94,3
34.0521509647369,F0018B9B-7509-4C31-A905-1A27D39C003C,27850,24174,25.5007670459613,-92,3
35.1369129419327,F0018B9B-7509-4C31-A905-1A27D39C003C,52281,20431,-1.0,0,0
35.1369129419327,F0018B9B-7509-4C31-A905-1A27D39C003C,21500,48945,-1.0,0,0
35.1369129419327,F0018B9B-7509-4C31-A905-1A27D39C003C,39821,56686,-1.0,0,0
35.1369129419327,F0018B9B-7509-4C31-A905-1A27D39C003C,38722,6270,-1.0,0,0
35.1369129419327,F0018B9B-7509-4C31-A905-1A27D39C003C,23750,52833,2.66094904692874,-73,2
35.1369129419327,F0018B9B-7509-4C31-A905-1A27D39C003C,29351,12971,6.67473641461488,-79,3
35.1369129419327,F0018B9B-7509-4C31-A905-1A27D39C003C,54337,42057,7.43864605509893,-76,3
35.1369129419327,F0018B9B-7509-4C31-A905-1A27D39C003C,20277,50452,19.047920288576,-92,3
35.1369129419327,F0018B9B-7509-4C31-A905-1A27D39C003C,27850,24174,25.9000012137508,-92,3
36.0422779917717,F0018B9B-7509-4C31-A905-1A27D39C003C,52281,20431,-1.0,0,0
36.0422779917717,F0018B9B-7509-4C31-A905-1A27D39C003C,21500,48945,-1.0,0,0
36.0422779917717,F0018B9B-7509-4C31-A905-1A27D39C003C,39821,56686,-1.0,0,0
36.0422779917717,F0018B9B-7509-4C31-A905-1A27D39C003C,23750,52833,2.61343329944833,-72,2
36.0422779917717,F0018B9B-7509-4C31-A905-1A27D39C003C,29351,12971,6.6931569763147,-80,3
36.0422779917717,F0018B9B-7509-4C31-A905-1A27D39C003C,54337,42057,6.73315393177626,-76,3
36.0422779917717,F0018B9B-7509-4C31-A905-1A27D39C003C,20277,50452,20.0105040021634,-93,3
36.0422779917717,F0018B9B-7509-4C31-A905-1A27D39C003C,27850,24174,25.7814719456125,-90,3
37.0473079681396,F0018B9B-7509-4C31-A905-1A27D39C003C,52281,20431,-1.0,0,0
37.0473079681396,F0018B9B-7509-4C31-A905-1A27D39C003C,21500,48945,-1.0,0,0
37.0473079681396,F0018B9B-7509-4C31-A905-1A27D39C003C,39821,56686,-1.0,0,0
37.0473079681396,F0018B9B-7509-4C31-A905-1A27D39C003C,23750,52833,2.64827432356051,-73,2
37.0473079681396,F0018B9B-7509-4C31-A905-1A27D39C003C,54337,42057,6.35225805464249,-77,3
37.0473079681396,F0018B9B-7509-4C31-A905-1A27D39C003C,29351,12971,6.82190731124031,-81,3
37.0473079681396,F0018B9B-7509-4C31-A905-1A27D39C003C,20277,50452,20.9381940222955,-93,3
37.0473079681396,F0018B9B-7509-4C31-A905-1A27D39C003C,27850,24174,25.6734370589759,-90,3
38.0509879589081,F0018B9B-7509-4C31-A905-1A27D39C003C,52281,20431,-1.0,0,0
38.0509879589081,F0018B9B-7509-4C31-A905-1A27D39C003C,21500,48945,-1.0,0,0
38.0509879589081,F0018B9B-7509-4C31-A905-1A27D39C003C,39821,56686,-1.0,0,0
38.0509879589081,F0018B9B-7509-4C31-A905-1A27D39C003C,23750,52833,2.67674733747877,-73,2
38.0509879589081,F0018B9B-7509-4C31-A905-1A27D39C003C,29351,12971,6.39642884892914,-77,3
38.0509879589081,F0018B9B-7509-4C31-A905-1A27D39C003C,54337,42057,6.60662597627263,-82,3
38.0509879589081,F0018B9B-7509-4C31-A905-1A27D39C003C,20277,50452,21.9856502513287,-94,3
38.0509879589081,F0018B9B-7509-4C31-A905-1A27D39C003C,27850,24174,25.5747988700518,-90,3
39.0537269711494,F0018B9B-7509-4C31-A905-1A27D39C003C,21500,48945,-1.0,0,0
39.0537269711494,F0018B9B-7509-4C31-A905-1A27D39C003C,39821,56686,-1.0,0,0
39.0537269711494,F0018B9B-7509-4C31-A905-1A27D39C003C,20277,50452,-1.0,0,0
39.0537269711494,F0018B9B-7509-4C31-A905-1A27D39C003C,23750,52833,2.69957767312583,-73,2
39.0537269711494,F0018B9B-7509-4C31-A905-1A27D39C003C,29351,12971,5.38506198256352,-73,3
39.0537269711494,F0018B9B-7509-4C31-A905-1A27D39C003C,54337,42057,6.74684531727818,-81,3
39.0537269711494,F0018B9B-7509-4C31-A905-1A27D39C003C,27850,24174,25.4846489517288,-90,3
39.0537269711494,F0018B9B-7509-4C31-A905-1A27D39C003C,52281,20431,26.6821650185884,-92,3
39.0537269711494,F0018B9B-7509-4C31-A905-1A27D39C003C,38722,6270,40.8423865267452,-94,3
40.0483049750328,F0018B9B-7509-4C31-A905-1A27D39C003C,21500,48945,-1.0,0,0
40.0483049750328,F0018B9B-7509-4C31-A905-1A27D39C003C,39821,56686,-1.0,0,0
40.0483049750328,F0018B9B-7509-4C31-A905-1A27D39C003C,23750,52833,2.8583160380572,-75,2
40.0483049750328,F0018B9B-7509-4C31-A905-1A27D39C003C,29351,12971,3.84198728806568,-68,3
40.0483049750328,F0018B9B-7509-4C31-A905-1A27D39C003C,54337,42057,7.07737722896098,-83,3
40.0483049750328,F0018B9B-7509-4C31-A905-1A27D39C003C,20277,50452,22.8334117712643,-93,3
40.0483049750328,F0018B9B-7509-4C31-A905-1A27D39C003C,27850,24174,25.6561339039363,-91,3
40.0483049750328,F0018B9B-7509-4C31-A905-1A27D39C003C,52281,20431,27.7782783683394,-93,3
40.0483049750328,F0018B9B-7509-4C31-A905-1A27D39C003C,38722,6270,40.8423878331992,-94,3
41.0482899546623,F0018B9B-7509-4C31-A905-1A27D39C003C,21500,48945,-1.0,0,0
41.0482899546623,F0018B9B-7509-4C31-A905-1A27D39C003C,39821,56686,-1.0,0,0
41.0482899546623,F0018B9B-7509-4C31-A905-1A27D39C003C,23750,52833,3.06162565180938,-76,2
41.0482899546623,F0018B9B-7509-4C31-A905-1A27D39C003C,29351,12971,2.90326530666272,-67,3
41.0482899546623,F0018B9B-7509-4C31-A905-1A27D39C003C,54337,42057,7.71691206851127,-87,3
41.0482899546623,F0018B9B-7509-4C31-A905-1A27D39C003C,20277,50452,23.8063821812631,-93,3
41.0482899546623,F0018B9B-7509-4C31-A905-1A27D39C003C,27850,24174,25.815921735562,-91,3
41.0482899546623,F0018B9B-7509-4C31-A905-1A27D39C003C,52281,20431,28.2506662518596,-92,3
41.0482899546623,F0018B9B-7509-4C31-A905-1A27D39C003C,38722,6270,41.679814128559,-95,3
42.045783996582,F0018B9B-7509-4C31-A905-1A27D39C003C,21500,48945,-1.0,0,0
42.045783996582,F0018B9B-7509-4C31-A905-1A27D39C003C,39821,56686,-1.0,0,0
42.045783996582,F0018B9B-7509-4C31-A905-1A27D39C003C,23750,52833,3.23820063645919,-76,2
42.045783996582,F0018B9B-7509-4C31-A905-1A27D39C003C,29351,12971,2.72961299106929,-71,3
42.045783996582,F0018B9B-7509-4C31-A905-1A27D39C003C,54337,42057,7.23830636247191,-78,3
42.045783996582,F0018B9B-7509-4C31-A905-1A27D39C003C,20277,50452,24.4512071419991,-92,3
42.045783996582,F0018B9B-7509-4C31-A905-1A27D39C003C,27850,24174,25.7050196262362,-90,3
42.045783996582,F0018B9B-7509-4C31-A905-1A27D39C003C,52281,20431,27.1871154426924,-89,3
42.045783996582,F0018B9B-7509-4C31-A905-1A27D39C003C,38722,6270,42.3119198011171,-95,3
43.0562539696693,F0018B9B-7509-4C31-A905-1A27D39C003C,39821,56686,-1.0,0,0
43.0562539696693,F0018B9B-7509-4C31-A905-1A27D39C003C,29351,12971,3.05966146112486,-79,3
43.0562539696693,F0018B9B-7509-4C31-A905-1A27D39C003C,23750,52833,3.64699751344666,-80,3
43.0562539696693,F0018B9B-7509-4C31-A905-1A27D39C003C,54337,42057,6.70192940452604,-77,3
43.0562539696693,F0018B9B-7509-4C31-A905-1A27D39C003C,27850,24174,21.071844463899,-80,3
43.0562539696693,F0018B9B-7509-4C31-A905-1A27D39C003C,20277,50452,24.4545910299306,-90,3
43.0562539696693,F0018B9B-7509-4C31-A905-1A27D39C003C,52281,20431,26.3809159469098,-89,3
43.0562539696693,F0018B9B-7509-4C31-A905-1A27D39C003C,21500,48945,31.5939529214991,-94,3
43.0562539696693,F0018B9B-7509-4C31-A905-1A27D39C003C,38722,6270,40.5198720350617,-92,3
44.0480439662933,F0018B9B-7509-4C31-A905-1A27D39C003C,29351,12971,3.52792922314204,-82,3
44.0480439662933,F0018B9B-7509-4C31-A905-1A27D39C003C,23750,52833,4.24515319341908,-84,3
44.0480439662933,F0018B9B-7509-4C31-A905-1A27D39C003C,54337,42057,6.29725881222765,-77,3
44.0480439662933,F0018B9B-7509-4C31-A905-1A27D39C003C,27850,24174,16.9758912484178,-78,3
44.0480439662933,F0018B9B-7509-4C31-A905-1A27D39C003C,20277,50452,24.133172598356,-89,3
44.0480439662933,F0018B9B-7509-4C31-A905-1A27D39C003C,52281,20431,27.4480136843719,-94,3
44.0480439662933,F0018B9B-7509-4C31-A905-1A27D39C003C,21500,48945,33.5790665054978,-94,3
44.0480439662933,F0018B9B-7509-4C31-A905-1A27D39C003C,38722,6270,39.9139237399019,-93,3
45.04679697752,F0018B9B-7509-4C31-A905-1A27D39C003C,21500,48945,-1.0,0,0
45.04679697752,F0018B9B-7509-4C31-A905-1A27D39C003C,20277,50452,-1.0,0,0
45.04679697752,F0018B9B-7509-4C31-A905-1A27D39C003C,38722,6270,-1.0,0,0
45.04679697752,F0018B9B-7509-4C31-A905-1A27D39C003C,29351,12971,4.16720847505979,-86,3
45.04679697752,F0018B9B-7509-4C31-A905-1A27D39C003C,23750,52833,4.79465890718711,-83,3
45.04679697752,F0018B9B-7509-4C31-A905-1A27D39C003C,54337,42057,5.31027358567361,-73,3
45.04679697752,F0018B9B-7509-4C31-A905-1A27D39C003C,27850,24174,15.7562552932995,-82,3
45.04679697752,F0018B9B-7509-4C31-A905-1A27D39C003C,52281,20431,28.4179844291812,-94,3
46.0449189543724,F0018B9B-7509-4C31-A905-1A27D39C003C,21500,48945,-1.0,0,0
46.0449189543724,F0018B9B-7509-4C31-A905-1A27D39C003C,38722,6270,-1.0,0,0
46.0449189543724,F0018B9B-7509-4C31-A905-1A27D39C003C,54337,42057,4.50609230905265,-72,3
46.0449189543724,F0018B9B-7509-4C31-A905-1A27D39C003C,29351,12971,4.95057094613352,-89,3
46.0449189543724,F0018B9B-7509-4C31-A905-1A27D39C003C,23750,52833,4.98506160663699,-79,3
46.0449189543724,F0018B9B-7509-4C31-A905-1A27D39C003C,27850,24174,12.6393558715284,-76,3
46.0449189543724,F0018B9B-7509-4C31-A905-1A27D39C003C,39821,56686,16.6810053720006,-87,3
46.0449189543724,F0018B9B-7509-4C31-A905-1A27D39C003C,20277,50452,25.11666074384,-94,3
46.0449189543724,F0018B9B-7509-4C31-A905-1A27D39C003C,52281,20431,28.7068892277759,-92,3
47.0474769473076,F0018B9B-7509-4C31-A905-1A27D39C003C,54337,42057,4.09828999381831,-73,3
47.0474769473076,F0018B9B-7509-4C31-A905-1A27D39C003C,23750,52833,5.41759133301972,-82,3
47.0474769473076,F0018B9B-7509-4C31-A905-1A27D39C003C,29351,12971,5.90787990406437,-93,3
47.0474769473076,F0018B9B-7509-4C31-A905-1A27D39C003C,27850,24174,9.16763030157706,-72,3
47.0474769473076,F0018B9B-7509-4C31-A905-1A27D39C003C,39821,56686,18.2227528381954,-89,3
47.0474769473076,F0018B9B-7509-4C31-A905-1A27D39C003C,52281,20431,20.166687484108,-78,3
47.0474769473076,F0018B9B-7509-4C31-A905-1A27D39C003C,20277,50452,26.2273337786882,-94,3
47.0474769473076,F0018B9B-7509-4C31-A905-1A27D39C003C,21500,48945,33.1478504501506,-92,3
47.0474769473076,F0018B9B-7509-4C31-A905-1A27D39C003C,38722,6270,39.1114857372728,-91,3
48.0508549809456,F0018B9B-7509-4C31-A905-1A27D39C003C,54337,42057,3.79504697319705,-73,3
48.0508549809456,F0018B9B-7509-4C31-A905-1A27D39C003C,23750,52833,4.9688463909894,-75,3
48.0508549809456,F0018B9B-7509-4C31-A905-1A27D39C003C,27850,24174,6.03065954956231,-68,3
48.0508549809456,F0018B9B-7509-4C31-A905-1A27D39C003C,29351,12971,6.8755562695225,-91,3
48.0508549809456,F0018B9B-7509-4C31-A905-1A27D39C003C,52281,20431,18.4038999865479,-83,3
48.0508549809456,F0018B9B-7509-4C31-A905-1A27D39C003C,39821,56686,18.4209567534946,-88,3
48.0508549809456,F0018B9B-7509-4C31-A905-1A27D39C003C,20277,50452,26.7033088077634,-92,3
48.0508549809456,F0018B9B-7509-4C31-A905-1A27D39C003C,21500,48945,31.8973901573388,-91,3
48.0508549809456,F0018B9B-7509-4C31-A905-1A27D39C003C,38722,6270,36.7530352505308,-90,3
49.045235991478,F0018B9B-7509-4C31-A905-1A27D39C003C,29351,12971,-1.0,0,0
49.045235991478,F0018B9B-7509-4C31-A905-1A27D39C003C,54337,42057,3.7577924540339,-75,3
49.045235991478,F0018B9B-7509-4C31-A905-1A27D39C003C,27850,24174,3.83710515291025,-65,3
49.045235991478,F0018B9B-7509-4C31-A905-1A27D39C003C,23750,52833,4.51548800773151,-74,3
49.045235991478,F0018B9B-7509-4C31-A905-1A27D39C003C,52281,20431,17.0567290182107,-83,3
49.045235991478,F0018B9B-7509-4C31-A905-1A27D39C003C,39821,56686,18.5379837112815,-88,3
49.045235991478,F0018B9B-7509-4C31-A905-1A27D39C003C,20277,50452,27.4071124113023,-93,3
49.045235991478,F0018B9B-7509-4C31-A905-1A27D39C003C,21500,48945,30.3023098226619,-90,3
49.045235991478,F0018B9B-7509-4C31-A905-1A27D39C003C,38722,6270,37.1279992256896,-94,3
50.0522659420967,F0018B9B-7509-4C31-A905-1A27D39C003C,27850,24174,2.62536368544197,-64,3
50.0522659420967,F0018B9B-7509-4C31-A905-1A27D39C003C,54337,42057,3.81348804764486,-76,3
50.0522659420967,F0018B9B-7509-4C31-A905-1A27D39C003C,23750,52833,4.19823847806933,-74,3
50.0522659420967,F0018B9B-7509-4C31-A905-1A27D39C003C,29351,12971,9.3500197842678,-95,3
50.0522659420967,F0018B9B-7509-4C31-A905-1A27D39C003C,52281,20431,15.6687548361613,-82,3
50.0522659420967,F0018B9B-7509-4C31-A905-1A27D39C003C,39821,56686,19.0392267510549,-89,3
50.0522659420967,F0018B9B-7509-4C31-A905-1A27D39C003C,21500,48945,27.7715117501228,-88,3
50.0522659420967,F0018B9B-7509-4C31-A905-1A27D39C003C,20277,50452,28.046907650126,-93,3
50.0522659420967,F0018B9B-7509-4C31-A905-1A27D39C003C,38722,6270,37.453263299525,-94,3
51.044980943203,F0018B9B-7509-4C31-A905-1A27D39C003C,27850,24174,1.96506420996902,-64,3
51.044980943203,F0018B9B-7509-4C31-A905-1A27D39C003C,54337,42057,3.86110969185254,-76,3
51.044980943203,F0018B9B-7509-4C31-A905-1A27D39C003C,23750,52833,3.96550998854769,-74,3
51.044980943203,F0018B9B-7509-4C31-A905-1A27D39C003C,29351,12971,10.6856708731679,-96,3
51.044980943203,F0018B9B-7509-4C31-A905-1A27D39C003C,52281,20431,14.8642570900222,-83,3
51.044980943203,F0018B9B-7509-4C31-A905-1A27D39C003C,39821,56686,19.4120467523788,-89,3
51.044980943203,F0018B9B-7509-4C31-A905-1A27D39C003C,21500,48945,26.1099545340382,-88,3
51.044980943203,F0018B9B-7509-4C31-A905-1A27D39C003C,20277,50452,28.8870390373813,-94,3
51.044980943203,F0018B9B-7509-4C31-A905-1A27D39C003C,38722,6270,37.7383677215115,-94,3
52.0566109418869,F0018B9B-7509-4C31-A905-1A27D39C003C,29351,12971,-1.0,0,0
52.0566109418869,F0018B9B-7509-4C31-A905-1A27D39C003C,27850,24174,1.5678783409779,-64,2
52.0566109418869,F0018B9B-7509-4C31-A905-1A27D39C003C,23750,52833,3.78978585676112,-74,3
52.0566109418869,F0018B9B-7509-4C31-A905-1A27D39C003C,54337,42057,3.80788613448545,-75,3
52.0566109418869,F0018B9B-7509-4C31-A905-1A27D39C003C,52281,20431,14.195378833709,-83,3
52.0566109418869,F0018B9B-7509-4C31-A905-1A27D39C003C,39821,56686,19.7013151562746,-89,3
52.0566109418869,F0018B9B-7509-4C31-A905-1A27D39C003C,21500,48945,24.9290582360442,-88,3
52.0566109418869,F0018B9B-7509-4C31-A905-1A27D39C003C,20277,50452,29.6686081730363,-94,3
52.0566109418869,F0018B9B-7509-4C31-A905-1A27D39C003C,38722,6270,37.9905088173169,-94,3
53.3353119492531,F0018B9B-7509-4C31-A905-1A27D39C003C,29351,12971,-1.0,0,0
53.3353119492531,F0018B9B-7509-4C31-A905-1A27D39C003C,38722,6270,-1.0,0,0
53.3353119492531,F0018B9B-7509-4C31-A905-1A27D39C003C,27850,24174,1.19398698286112,-62,2
53.3353119492531,F0018B9B-7509-4C31-A905-1A27D39C003C,23750,52833,3.65481216391862,-74,3
53.3353119492531,F0018B9B-7509-4C31-A905-1A27D39C003C,54337,42057,3.85734839326692,-76,3
53.3353119492531,F0018B9B-7509-4C31-A905-1A27D39C003C,52281,20431,13.6324069073716,-83,3
53.3353119492531,F0018B9B-7509-4C31-A905-1A27D39C003C,39821,56686,19.5968298702243,-88,3
53.3353119492531,F0018B9B-7509-4C31-A905-1A27D39C003C,21500,48945,24.4789290592012,-89,3
53.3353119492531,F0018B9B-7509-4C31-A905-1A27D39C003C,20277,50452,30.396217011107,-94,3
54.0454459786415,F0018B9B-7509-4C31-A905-1A27D39C003C,27850,24174,1.03690745947426,-63,2
54.0454459786415,F0018B9B-7509-4C31-A905-1A27D39C003C,23750,52833,3.54989504071645,-74,3
54.0454459786415,F0018B9B-7509-4C31-A905-1A27D39C003C,54337,42057,3.89856953634036,-76,3
54.0454459786415,F0018B9B-7509-4C31-A905-1A27D39C003C,52281,20431,13.3652453929163,-84,3
54.0454459786415,F0018B9B-7509-4C31-A905-1A27D39C003C,29351,12971,15.0673162359271,-97,3
54.0454459786415,F0018B9B-7509-4C31-A905-1A27D39C003C,39821,56686,19.5135583058175,-88,3
54.0454459786415,F0018B9B-7509-4C31-A905-1A27D39C003C,21500,48945,23.7156602917279,-88,3
54.0454459786415,F0018B9B-7509-4C31-A905-1A27D39C003C,20277,50452,31.3184422218306,-95,3
54.0454459786415,F0018B9B-7509-4C31-A905-1A27D39C003C,38722,6270,39.3281562850393,-94,3
55.0523789525032,F0018B9B-7509-4C31-A905-1A27D39C003C,52281,20431,-1.0,0,0
55.0523789525032,F0018B9B-7509-4C31-A905-1A27D39C003C,27850,24174,0.938433866175498,-63,2
55.0523789525032,F0018B9B-7509-4C31-A905-1A27D39C003C,23750,52833,3.46791015693386,-74,3
55.0523789525032,F0018B9B-7509-4C31-A905-1A27D39C003C,54337,42057,3.93260308450254,-76,3
55.0523789525032,F0018B9B-7509-4C31-A905-1A27D39C003C,29351,12971,16.6124223706988,-97,3
55.0523789525032,F0018B9B-7509-4C31-A905-1A27D39C003C,39821,56686,19.4454948899255,-88,3
55.0523789525032,F0018B9B-7509-4C31-A905-1A27D39C003C,21500,48945,23.1042168117472,-88,3
55.0523789525032,F0018B9B-7509-4C31-A905-1A27D39C003C,20277,50452,32.1908782496232,-95,3
55.0523789525032,F0018B9B-7509-4C31-A905-1A27D39C003C,38722,6270,39.4438259631998,-94,3
56.0510759949684,F0018B9B-7509-4C31-A905-1A27D39C003C,52281,20431,-1.0,0,0
56.0510759949684,F0018B9B-7509-4C31-A905-1A27D39C003C,29351,12971,-1.0,0,0
56.0510759949684,F0018B9B-7509-4C31-A905-1A27D39C003C,27850,24174,0.876824929655226,-63,2
56.0510759949684,F0018B9B-7509-4C31-A905-1A27D39C003C,23750,52833,3.40354314908769,-74,3
56.0510759949684,F0018B9B-7509-4C31-A905-1A27D39C003C,54337,42057,3.86334510931695,-75,3
56.0510759949684,F0018B9B-7509-4C31-A905-1A27D39C003C,39821,56686,19.3887304593727,-88,3
56.0510759949684,F0018B9B-7509-4C31-A905-1A27D39C003C,21500,48945,22.9356176354713,-89,3
56.0510759949684,F0018B9B-7509-4C31-A905-1A27D39C003C,20277,50452,32.7565104276323,-94,3
56.0510759949684,F0018B9B-7509-4C31-A905-1A27D39C003C,38722,6270,39.5482235333777,-94,3
57.0507529973984,F0018B9B-7509-4C31-A905-1A27D39C003C,52281,20431,-1.0,0,0
57.0507529973984,F0018B9B-7509-4C31-A905-1A27D39C003C,29351,12971,-1.0,0,0
57.0507529973984,F0018B9B-7509-4C31-A905-1A27D39C003C,27850,24174,0.943991150090283,-66,2
57.0507529973984,F0018B9B-7509-4C31-A905-1A27D39C003C,23750,52833,3.43718873579106,-75,3
57.0507529973984,F0018B9B-7509-4C31-A905-1A27D39C003C,54337,42057,3.81224705221601,-75,3
57.0507529973984,F0018B9B-7509-4C31-A905-1A27D39C003C,39821,56686,19.3418663057847,-88,3
57.0507529973984,F0018B9B-7509-4C31-A905-1A27D39C003C,21500,48945,22.7943574560855,-89,3
57.0507529973984,F0018B9B-7509-4C31-A905-1A27D39C003C,20277,50452,33.271168200241,-94,3
57.0507529973984,F0018B9B-7509-4C31-A905-1A27D39C003C,38722,6270,39.985299732614,-95,3
58.0446489453316,F0018B9B-7509-4C31-A905-1A27D39C003C,29351,12971,-1.0,0,0
58.0446489453316,F0018B9B-7509-4C31-A905-1A27D39C003C,27850,24174,1.01947044912506,-67,2
58.0446489453316,F0018B9B-7509-4C31-A905-1A27D39C003C,23750,52833,3.6524420154683,-78,3
58.0446489453316,F0018B9B-7509-4C31-A905-1A27D39C003C,54337,42057,4.2416066341638,-83,3
58.0446489453316,F0018B9B-7509-4C31-A905-1A27D39C003C,52281,20431,12.6951326452014,-82,3
58.0446489453316,F0018B9B-7509-4C31-A905-1A27D39C003C,39821,56686,19.3031279181084,-88,3
58.0446489453316,F0018B9B-7509-4C31-A905-1A27D39C003C,21500,48945,22.9366931915622,-90,3
58.0446489453316,F0018B9B-7509-4C31-A905-1A27D39C003C,20277,50452,33.4552118121434,-93,3
58.0446489453316,F0018B9B-7509-4C31-A905-1A27D39C003C,38722,6270,40.0442796127808,-94,3
59.06149995327,F0018B9B-7509-4C31-A905-1A27D39C003C,38722,6270,-1.0,0,0
59.06149995327,F0018B9B-7509-4C31-A905-1A27D39C003C,27850,24174,1.07344099280147,-67,2
59.06149995327,F0018B9B-7509-4C31-A905-1A27D39C003C,23750,52833,3.88378084320159,-79,3
59.06149995327,F0018B9B-7509-4C31-A905-1A27D39C003C,54337,42057,4.13186599022764,-75,3
59.06149995327,F0018B9B-7509-4C31-A905-1A27D39C003C,52281,20431,11.9985662277791,-82,3
59.06149995327,F0018B9B-7509-4C31-A905-1A27D39C003C,39821,56686,19.2708930712544,-88,3
59.06149995327,F0018B9B-7509-4C31-A905-1A27D39C003C,29351,12971,19.410182228601,-87,3
59.06149995327,F0018B9B-7509-4C31-A905-1A27D39C003C,21500,48945,22.8129645832345,-89,3
59.06149995327,F0018B9B-7509-4C31-A905-1A27D39C003C,20277,50452,33.6178559693829,-93,3
60.0602259635925,F0018B9B-7509-4C31-A905-1A27D39C003C,52281,20431,-1.0,0,0
60.0602259635925,F0018B9B-7509-4C31-A905-1A27D39C003C,27850,24174,1.1122849817601,-67,2
60.0602259635925,F0018B9B-7509-4C31-A905-1A27D39C003C,23750,52833,4.02919665877768,-78,3
60.0602259635925,F0018B9B-7509-4C31-A905-1A27D39C003C,54337,42057,4.5419255137368,-85,3
60.0602259635925,F0018B9B-7509-4C31-A905-1A27D39C003C,29351,12971,18.8224124066137,-86,3
60.0602259635925,F0018B9B-7509-4C31-A905-1A27D39C003C,39821,56686,19.2438293050675,-88,3
60.0602259635925,F0018B9B-7509-4C31-A905-1A27D39C003C,21500,48945,22.7082579447573,-89,3
60.0602259635925,F0018B9B-7509-4C31-A905-1A27D39C003C,20277,50452,34.0153188705495,-94,3
60.0602259635925,F0018B9B-7509-4C31-A905-1A27D39C003C,38722,6270,41.0129662411877,-95,3
61.0677199959755,F0018B9B-7509-4C31-A905-1A27D39C003C,52281,20431,-1.0,0,0
61.0677199959755,F0018B9B-7509-4C31-A905-1A27D39C003C,27850,24174,1.14111682271219,-67,2
61.0677199959755,F0018B9B-7509-4C31-A905-1A27D39C003C,23750,52833,4.28336399280724,-81,3
61.0677199959755,F0018B9B-7509-4C31-A905-1A27D39C003C,54337,42057,4.92576003706999,-85,3
61.0677199959755,F0018B9B-7509-4C31-A905-1A27D39C003C,29351,12971,18.3606105807495,-86,3
61.0677199959755,F0018B9B-7509-4C31-A905-1A27D39C003C,39821,56686,19.2208426829954,-88,3
61.0677199959755,F0018B9B-7509-4C31-A905-1A27D39C003C,21500,48945,22.829619133545,-90,3
61.0677199959755,F0018B9B-7509-4C31-A905-1A27D39C003C,20277,50452,34.3739604271852,-94,3
61.0677199959755,F0018B9B-7509-4C31-A905-1A27D39C003C,38722,6270,41.2988783650843,-95,3
62.0427069664001,F0018B9B-7509-4C31-A905-1A27D39C003C,52281,20431,-1.0,0,0
62.0427069664001,F0018B9B-7509-4C31-A905-1A27D39C003C,29351,12971,-1.0,0,0
62.0427069664001,F0018B9B-7509-4C31-A905-1A27D39C003C,27850,24174,1.16345457083059,-67,2
62.0427069664001,F0018B9B-7509-4C31-A905-1A27D39C003C,23750,52833,4.51180166307051,-81,3
62.0427069664001,F0018B9B-7509-4C31-A905-1A27D39C003C,54337,42057,5.21728209107631,-83,3
62.0427069664001,F0018B9B-7509-4C31-A905-1A27D39C003C,39821,56686,19.2010620788484,-88,3
62.0427069664001,F0018B9B-7509-4C31-A905-1A27D39C003C,21500,48945,22.7361050153608,-89,3
62.0427069664001,F0018B9B-7509-4C31-A905-1A27D39C003C,20277,50452,34.699300502137,-94,3
62.0427069664001,F0018B9B-7509-4C31-A905-1A27D39C003C,38722,6270,41.5577905602238,-95,3
63.0448759794235,F0018B9B-7509-4C31-A905-1A27D39C003C,29351,12971,-1.0,0,0
63.0448759794235,F0018B9B-7509-4C31-A905-1A27D39C003C,27850,24174,1.18130941239559,-67,2
63.0448759794235,F0018B9B-7509-4C31-A905-1A27D39C003C,23750,52833,4.46279788131455,-76,3
63.0448759794235,F0018B9B-7509-4C31-A905-1A27D39C003C,54337,42057,5.52161025073187,-84,3
63.0448759794235,F0018B9B-7509-4C31-A905-1A27D39C003C,52281,20431,13.2408420762529,-85,3
63.0448759794235,F0018B9B-7509-4C31-A905-1A27D39C003C,39821,56686,19.0007313837176,-87,3
63.0448759794235,F0018B9B-7509-4C31-A905-1A27D39C003C,21500,48945,22.4445592555599,-88,3
63.0448759794235,F0018B9B-7509-4C31-A905-1A27D39C003C,20277,50452,34.7668192449401,-93,3
63.0448759794235,F0018B9B-7509-4C31-A905-1A27D39C003C,38722,6270,41.793412056014,-95,3
64.0528029799461,F0018B9B-7509-4C31-A905-1A27D39C003C,29351,12971,-1.0,0,0
64.0528029799461,F0018B9B-7509-4C31-A905-1A27D39C003C,38722,6270,-1.0,0,0
64.0528029799461,F0018B9B-7509-4C31-A905-1A27D39C003C,27850,24174,1.19593870906685,-67,2
64.0528029799461,F0018B9B-7509-4C31-A905-1A27D39C003C,23750,52833,4.28964574248229,-74,3
64.0528029799461,F0018B9B-7509-4C31-A905-1A27D39C003C,54337,42057,5.76719889032186,-83,3
64.0528029799461,F0018B9B-7509-4C31-A905-1A27D39C003C,52281,20431,13.5304884155925,-87,3
64.0528029799461,F0018B9B-7509-4C31-A905-1A27D39C003C,39821,56686,18.8278081512155,-87,3
64.0528029799461,F0018B9B-7509-4C31-A905-1A27D39C003C,21500,48945,22.3866853051589,-89,3
64.0528029799461,F0018B9B-7509-4C31-A905-1A27D39C003C,20277,50452,34.8278750572688,-93,3
65.0565219521523,F0018B9B-7509-4C31-A905-1A27D39C003C,52281,20431,-1.0,0,0
65.0565219521523,F0018B9B-7509-4C31-A905-1A27D39C003C,38722,6270,-1.0,0,0
65.0565219521523,F0018B9B-7509-4C31-A905-1A27D39C003C,27850,24174,1.20814198850989,-67,2
65.0565219521523,F0018B9B-7509-4C31-A905-1A27D39C003C,23750,52833,4.21396092783073,-75,3
65.0565219521523,F0018B9B-7509-4C31-A905-1A27D39C003C,54337,42057,5.90176033293177,-81,3
65.0565219521523,F0018B9B-7509-4C31-A905-1A27D39C003C,39821,56686,18.6769215944998,-87,3
65.0565219521523,F0018B9B-7509-4C31-A905-1A27D39C003C,29351,12971,19.2849088345504,-87,3
65.0565219521523,F0018B9B-7509-4C31-A905-1A27D39C003C,21500,48945,22.3351964122333,-89,3
65.0565219521523,F0018B9B-7509-4C31-A905-1A27D39C003C,20277,50452,34.883369708099,-93,3
66.0485479831696,F0018B9B-7509-4C31-A905-1A27D39C003C,52281,20431,-1.0,0,0
66.0485479831696,F0018B9B-7509-4C31-A905-1A27D39C003C,29351,12971,-1.0,0,0
66.0485479831696,F0018B9B-7509-4C31-A905-1A27D39C003C,27850,24174,1.21846112245267,-67,2
66.0485479831696,F0018B9B-7509-4C31-A905-1A27D39C003C,23750,52833,4.15067956318764,-75,3
66.0485479831696,F0018B9B-7509-4C31-A905-1A27D39C003C,54337,42057,6.02279835477273,-81,3
66.0485479831696,F0018B9B-7509-4C31-A905-1A27D39C003C,39821,56686,18.6934845788456,-88,3
66.0485479831696,F0018B9B-7509-4C31-A905-1A27D39C003C,21500,48945,22.2890692825224,-89,3
66.0485479831696,F0018B9B-7509-4C31-A905-1A27D39C003C,20277,50452,34.9340477886835,-93,3
66.0485479831696,F0018B9B-7509-4C31-A905-1A27D39C003C,38722,6270,43.2539079741957,-96,3
67.0447079539299,F0018B9B-7509-4C31-A905-1A27D39C003C,29351,12971,-1.0,0,0
67.0447079539299,F0018B9B-7509-4C31-A905-1A27D39C003C,27850,24174,1.22727972784596,-67,2
67.0447079539299,F0018B9B-7509-4C31-A905-1A27D39C003C,23750,52833,4.32046966737209,-81,3
67.0447079539299,F0018B9B-7509-4C31-A905-1A27D39C003C,54337,42057,6.25932060365197,-84,3
67.0447079539299,F0018B9B-7509-4C31-A905-1A27D39C003C,52281,20431,13.4694913574488,-85,3
67.0447079539299,F0018B9B-7509-4C31-A905-1A27D39C003C,39821,56686,18.7084167169933,-88,3
67.0447079539299,F0018B9B-7509-4C31-A905-1A27D39C003C,21500,48945,22.2474905128536,-89,3
67.0447079539299,F0018B9B-7509-4C31-A905-1A27D39C003C,20277,50452,35.1760255182971,-94,3
67.0447079539299,F0018B9B-7509-4C31-A905-1A27D39C003C,38722,6270,43.6120573855858,-96,3
68.1094979643822,F0018B9B-7509-4C31-A905-1A27D39C003C,52281,20431,-1.0,0,0
68.1094979643822,F0018B9B-7509-4C31-A905-1A27D39C003C,29351,12971,-1.0,0,0
68.1094979643822,F0018B9B-7509-4C31-A905-1A27D39C003C,54337,42057,-1.0,0,0
68.1094979643822,F0018B9B-7509-4C31-A905-1A27D39C003C,27850,24174,1.23488460874581,-67,2
68.1094979643822,F0018B9B-7509-4C31-A905-1A27D39C003C,23750,52833,4.48197031475711,-81,3
68.1094979643822,F0018B9B-7509-4C31-A905-1A27D39C003C,39821,56686,18.7219538361409,-88,3
68.1094979643822,F0018B9B-7509-4C31-A905-1A27D39C003C,21500,48945,22.3536891129549,-90,3
68.1094979643822,F0018B9B-7509-4C31-A905-1A27D39C003C,20277,50452,35.401202338845,-94,3
68.1094979643822,F0018B9B-7509-4C31-A905-1A27D39C003C,38722,6270,43.7282684113654,-95,3
69.0449249744415,F0018B9B-7509-4C31-A905-1A27D39C003C,52281,20431,-1.0,0,0
69.0449249744415,F0018B9B-7509-4C31-A905-1A27D39C003C,29351,12971,-1.0,0,0
69.0449249744415,F0018B9B-7509-4C31-A905-1A27D39C003C,27850,24174,1.2414865528991,-67,2
69.0449249744415,F0018B9B-7509-4C31-A905-1A27D39C003C,23750,52833,4.63561864148249,-81,3
69.0449249744415,F0018B9B-7509-4C31-A905-1A27D39C003C,54337,42057,6.35278874826604,-81,3
69.0449249744415,F0018B9B-7509-4C31-A905-1A27D39C003C,39821,56686,18.6012626813311,-87,3
69.0449249744415,F0018B9B-7509-4C31-A905-1A27D39C003C,21500,48945,22.3116651716671,-89,3
69.0449249744415,F0018B9B-7509-4C31-A905-1A27D39C003C,20277,50452,35.4246436111068,-93,3
69.0449249744415,F0018B9B-7509-4C31-A905-1A27D39C003C,38722,6270,43.8361630585629,-95,3
70.051608979702,F0018B9B-7509-4C31-A905-1A27D39C003C,29351,12971,-1.0,0,0
70.051608979702,F0018B9B-7509-4C31-A905-1A27D39C003C,27850,24174,1.24724838858432,-67,2
70.051608979702,F0018B9B-7509-4C31-A905-1A27D39C003C,23750,52833,4.75131851876792,-80,3
70.051608979702,F0018B9B-7509-4C31-A905-1A27D39C003C,54337,42057,6.49864859695488,-82,3
70.051608979702,F0018B9B-7509-4C31-A905-1A27D39C003C,52281,20431,15.6774378628428,-86,3
70.051608979702,F0018B9B-7509-4C31-A905-1A27D39C003C,39821,56686,18.4922541731251,-87,3
70.051608979702,F0018B9B-7509-4C31-A905-1A27D39C003C,21500,48945,22.2732263142194,-89,3
70.051608979702,F0018B9B-7509-4C31-A905-1A27D39C003C,20277,50452,35.2430268306348,-92,3
70.051608979702,F0018B9B-7509-4C31-A905-1A27D39C003C,38722,6270,43.9366281820853,-95,3
71.0490829944611,F0018B9B-7509-4C31-A905-1A27D39C003C,29351,12971,-1.0,0,0
71.0490829944611,F0018B9B-7509-4C31-A905-1A27D39C003C,27850,24174,1.25229819993093,-67,2
71.0490829944611,F0018B9B-7509-4C31-A905-1A27D39C003C,23750,52833,4.89110167177591,-81,3
71.0490829944611,F0018B9B-7509-4C31-A905-1A27D39C003C,54337,42057,6.456866157924,-79,3
71.0490829944611,F0018B9B-7509-4C31-A905-1A27D39C003C,52281,20431,15.4225311381802,-85,3
71.0490829944611,F0018B9B-7509-4C31-A905-1A27D39C003C,39821,56686,18.5147708829281,-88,3
71.0490829944611,F0018B9B-7509-4C31-A905-1A27D39C003C,21500,48945,22.3680261596753,-90,3
71.0490829944611,F0018B9B-7509-4C31-A905-1A27D39C003C,20277,50452,35.271378491963,-93,3
71.0490829944611,F0018B9B-7509-4C31-A905-1A27D39C003C,38722,6270,43.550049011163,-93,3
72.0435909628868,F0018B9B-7509-4C31-A905-1A27D39C003C,27850,24174,1.26016120930905,-67,2
72.0435909628868,F0018B9B-7509-4C31-A905-1A27D39C003C,23750,52833,5.03178765878492,-80,3
72.0435909628868,F0018B9B-7509-4C31-A905-1A27D39C003C,54337,42057,6.62340389217933,-82,3
72.0435909628868,F0018B9B-7509-4C31-A905-1A27D39C003C,52281,20431,14.9864570619838,-84,3
72.0435909628868,F0018B9B-7509-4C31-A905-1A27D39C003C,39821,56686,18.7701126650759,-90,3
72.0435909628868,F0018B9B-7509-4C31-A905-1A27D39C003C,21500,48945,22.1608423160015,-88,3
72.0435909628868,F0018B9B-7509-4C31-A905-1A27D39C003C,29351,12971,24.8052942333438,-96,3
72.0435909628868,F0018B9B-7509-4C31-A905-1A27D39C003C,20277,50452,34.5933754984647,-90,3
72.0435909628868,F0018B9B-7509-4C31-A905-1A27D39C003C,38722,6270,42.8695887840504,-92,3
73.0474959611893,F0018B9B-7509-4C31-A905-1A27D39C003C,27850,24174,1.54797621696001,-77,2
73.0474959611893,F0018B9B-7509-4C31-A905-1A27D39C003C,23750,52833,5.24823129509999,-81,3
73.0474959611893,F0018B9B-7509-4C31-A905-1A27D39C003C,54337,42057,6.80446975068017,-82,3
73.0474959611893,F0018B9B-7509-4C31-A905-1A27D39C003C,52281,20431,11.8017967473148,-75,3
73.0474959611893,F0018B9B-7509-4C31-A905-1A27D39C003C,39821,56686,18.4559934455014,-86,3
73.0474959611893,F0018B9B-7509-4C31-A905-1A27D39C003C,21500,48945,22.2801011372538,-90,3
73.0474959611893,F0018B9B-7509-4C31-A905-1A27D39C003C,29351,12971,25.8177205835174,-95,3
73.0474959611893,F0018B9B-7509-4C31-A905-1A27D39C003C,20277,50452,34.6545252932202,-93,3
73.0474959611893,F0018B9B-7509-4C31-A905-1A27D39C003C,38722,6270,42.2077627927771,-92,3
74.0542759895325,F0018B9B-7509-4C31-A905-1A27D39C003C,20277,50452,-1.0,0,0
74.0542759895325,F0018B9B-7509-4C31-A905-1A27D39C003C,27850,24174,2.0644567476208,-89,2
74.0542759895325,F0018B9B-7509-4C31-A905-1A27D39C003C,23750,52833,5.64781301400956,-84,3
74.0542759895325,F0018B9B-7509-4C31-A905-1A27D39C003C,54337,42057,6.99112841976714,-82,3
74.0542759895325,F0018B9B-7509-4C31-A905-1A27D39C003C,52281,20431,9.77197061385504,-75,3
74.0542759895325,F0018B9B-7509-4C31-A905-1A27D39C003C,39821,56686,18.3274033211627,-87,3
74.0542759895325,F0018B9B-7509-4C31-A905-1A27D39C003C,21500,48945,22.2342207682058,-89,3
74.0542759895325,F0018B9B-7509-4C31-A905-1A27D39C003C,29351,12971,24.2799753962877,-86,3
74.0542759895325,F0018B9B-7509-4C31-A905-1A27D39C003C,38722,6270,42.1429009948785,-94,3
74.0542759895325,F0018B9B-7509-4C31-A905-1A27D39C003C,41738,1201,46.4158883361278,-95,3
75.0490389466286,F0018B9B-7509-4C31-A905-1A27D39C003C,38722,6270,-1.0,0,0
75.0490389466286,F0018B9B-7509-4C31-A905-1A27D39C003C,27850,24174,2.71482460547354,-90,2
75.0490389466286,F0018B9B-7509-4C31-A905-1A27D39C003C,23750,52833,6.42103160024093,-94,3
75.0490389466286,F0018B9B-7509-4C31-A905-1A27D39C003C,54337,42057,7.74499929411582,-92,3
75.0490389466286,F0018B9B-7509-4C31-A905-1A27D39C003C,52281,20431,8.81541483974318,-77,3
75.0490389466286,F0018B9B-7509-4C31-A905-1A27D39C003C,39821,56686,18.2013136578993,-87,3
75.0490389466286,F0018B9B-7509-4C31-A905-1A27D39C003C,21500,48945,21.7708814685737,-87,3
75.0490389466286,F0018B9B-7509-4C31-A905-1A27D39C003C,29351,12971,23.7262485798928,-88,3
75.0490389466286,F0018B9B-7509-4C31-A905-1A27D39C003C,20277,50452,34.4903635643925,-92,3
75.0490389466286,F0018B9B-7509-4C31-A905-1A27D39C003C,41738,1201,45.3196581110599,-94,3
76.0502849817276,F0018B9B-7509-4C31-A905-1A27D39C003C,38722,6270,-1.0,0,0
76.0502849817276,F0018B9B-7509-4C31-A905-1A27D39C003C,27850,24174,3.51282651856157,-93,3
76.0502849817276,F0018B9B-7509-4C31-A905-1A27D39C003C,52281,20431,7.17449790915065,-73,3
76.0502849817276,F0018B9B-7509-4C31-A905-1A27D39C003C,23750,52833,7.27560808427138,-93,3
76.0502849817276,F0018B9B-7509-4C31-A905-1A27D39C003C,54337,42057,8.57727500438424,-92,3
76.0502849817276,F0018B9B-7509-4C31-A905-1A27D39C003C,39821,56686,17.8842034650473,-86,3
76.0502849817276,F0018B9B-7509-4C31-A905-1A27D39C003C,21500,48945,20.5106059029935,-84,3
76.0502849817276,F0018B9B-7509-4C31-A905-1A27D39C003C,29351,12971,23.5285669193911,-89,3
76.0502849817276,F0018B9B-7509-4C31-A905-1A27D39C003C,20277,50452,34.2872421430719,-92,3
76.0502849817276,F0018B9B-7509-4C31-A905-1A27D39C003C,41738,1201,42.4972968213114,-92,3
77.0552729964256,F0018B9B-7509-4C31-A905-1A27D39C003C,27850,24174,4.42340940779211,-93,3
77.0552729964256,F0018B9B-7509-4C31-A905-1A27D39C003C,52281,20431,5.87147422429978,-72,3
77.0552729964256,F0018B9B-7509-4C31-A905-1A27D39C003C,23750,52833,8.24583361662877,-94,3
77.0552729964256,F0018B9B-7509-4C31-A905-1A27D39C003C,54337,42057,9.59074274969019,-95,3
77.0552729964256,F0018B9B-7509-4C31-A905-1A27D39C003C,39821,56686,17.3683452240915,-85,3
77.0552729964256,F0018B9B-7509-4C31-A905-1A27D39C003C,21500,48945,19.4119665672022,-84,3
77.0552729964256,F0018B9B-7509-4C31-A905-1A27D39C003C,29351,12971,23.3502652577951,-89,3
77.0552729964256,F0018B9B-7509-4C31-A905-1A27D39C003C,20277,50452,34.3912012144854,-93,3
77.0552729964256,F0018B9B-7509-4C31-A905-1A27D39C003C,41738,1201,37.5318383577989,-89,3
77.0552729964256,F0018B9B-7509-4C31-A905-1A27D39C003C,38722,6270,42.7830760288568,-91,3
78.0480049848557,F0018B9B-7509-4C31-A905-1A27D39C003C,29351,12971,-1.0,0,0
78.0480049848557,F0018B9B-7509-4C31-A905-1A27D39C003C,54337,42057,-1.0,0,0
78.0480049848557,F0018B9B-7509-4C31-A905-1A27D39C003C,27850,24174,-1.0,0,0
78.0480049848557,F0018B9B-7509-4C31-A905-1A27D39C003C,52281,20431,4.98884315329519,-72,3
78.0480049848557,F0018B9B-7509-4C31-A905-1A27D39C003C,23750,52833,9.29339377324784,-94,3
78.0480049848557,F0018B9B-7509-4C31-A905-1A27D39C003C,39821,56686,15.4465434681192,-80,3
78.0480049848557,F0018B9B-7509-4C31-A905-1A27D39C003C,21500,48945,17.0881739177486,-80,3
78.0480049848557,F0018B9B-7509-4C31-A905-1A27D39C003C,41738,1201,32.5178681718752,-87,3
78.0480049848557,F0018B9B-7509-4C31-A905-1A27D39C003C,20277,50452,32.6320828895924,-88,3
78.0480049848557,F0018B9B-7509-4C31-A905-1A27D39C003C,38722,6270,41.6232525530898,-91,3
79.0465409755707,F0018B9B-7509-4C31-A905-1A27D39C003C,23750,52833,-1.0,0,0
79.0465409755707,F0018B9B-7509-4C31-A905-1A27D39C003C,29351,12971,-1.0,0,0
79.0465409755707,F0018B9B-7509-4C31-A905-1A27D39C003C,27850,24174,-1.0,0,0
79.0465409755707,F0018B9B-7509-4C31-A905-1A27D39C003C,52281,20431,3.74116637488108,-68,3
79.0465409755707,F0018B9B-7509-4C31-A905-1A27D39C003C,38722,6270,10.0,-83,3
79.0465409755707,F0018B9B-7509-4C31-A905-1A27D39C003C,54337,42057,11.7670525163139,-92,3
79.0465409755707,F0018B9B-7509-4C31-A905-1A27D39C003C,39821,56686,12.9226689561991,-77,3
79.0465409755707,F0018B9B-7509-4C31-A905-1A27D39C003C,21500,48945,14.5675966088714,-78,3
79.0465409755707,F0018B9B-7509-4C31-A905-1A27D39C003C,41738,1201,30.0653879144201,-88,3
79.0465409755707,F0018B9B-7509-4C31-A905-1A27D39C003C,20277,50452,31.5479085669554,-89,3
80.0467899441719,F0018B9B-7509-4C31-A905-1A27D39C003C,23750,52833,-1.0,0,0
80.0467899441719,F0018B9B-7509-4C31-A905-1A27D39C003C,29351,12971,-1.0,0,0
80.0467899441719,F0018B9B-7509-4C31-A905-1A27D39C003C,27850,24174,-1.0,0,0
80.0467899441719,F0018B9B-7509-4C31-A905-1A27D39C003C,52281,20431,3.79106797128263,-76,3
80.0467899441719,F0018B9B-7509-4C31-A905-1A27D39C003C,39821,56686,8.08124624223851,-69,3
80.0467899441719,F0018B9B-7509-4C31-A905-1A27D39C003C,54337,42057,12.837593981079,-93,3
80.0467899441719,F0018B9B-7509-4C31-A905-1A27D39C003C,21500,48945,13.8247741129181,-82,3
80.0467899441719,F0018B9B-7509-4C31-A905-1A27D39C003C,41738,1201,27.6876236184392,-87,3
80.0467899441719,F0018B9B-7509-4C31-A905-1A27D39C003C,20277,50452,30.9457657951751,-90,3
80.0467899441719,F0018B9B-7509-4C31-A905-1A27D39C003C,38722,6270,31.2526941530055,-83,3
81.0516829490662,F0018B9B-7509-4C31-A905-1A27D39C003C,23750,52833,-1.0,0,0
81.0516829490662,F0018B9B-7509-4C31-A905-1A27D39C003C,29351,12971,-1.0,0,0
81.0516829490662,F0018B9B-7509-4C31-A905-1A27D39C003C,27850,24174,-1.0,0,0
81.0516829490662,F0018B9B-7509-4C31-A905-1A27D39C003C,52281,20431,4.23463678789894,-83,3
81.0516829490662,F0018B9B-7509-4C31-A905-1A27D39C003C,39821,56686,4.45429097380392,-64,3
81.0516829490662,F0018B9B-7509-4C31-A905-1A27D39C003C,21500,48945,8.48094887430684,-69,3
81.0516829490662,F0018B9B-7509-4C31-A905-1A27D39C003C,54337,42057,13.8317137084491,-92,3
81.0516829490662,F0018B9B-7509-4C31-A905-1A27D39C003C,38722,6270,25.2043449129332,-79,3
81.0516829490662,F0018B9B-7509-4C31-A905-1A27D39C003C,41738,1201,25.3957592154168,-86,3
81.0516829490662,F0018B9B-7509-4C31-A905-1A27D39C003C,20277,50452,28.773108246551,-86,3
82.0464369654655,F0018B9B-7509-4C31-A905-1A27D39C003C,23750,52833,-1.0,0,0
82.0464369654655,F0018B9B-7509-4C31-A905-1A27D39C003C,29351,12971,-1.0,0,0
82.0464369654655,F0018B9B-7509-4C31-A905-1A27D39C003C,27850,24174,-1.0,0,0
82.0464369654655,F0018B9B-7509-4C31-A905-1A27D39C003C,39821,56686,3.28541899874098,-66,3
82.0464369654655,F0018B9B-7509-4C31-A905-1A27D39C003C,52281,20431,4.92087761971378,-89,3
82.0464369654655,F0018B9B-7509-4C31-A905-1A27D39C003C,21500,48945,6.07920744098029,-69,3
82.0464369654655,F0018B9B-7509-4C31-A905-1A27D39C003C,41738,1201,14.1336392745006,-73,3
82.0464369654655,F0018B9B-7509-4C31-A905-1A27D39C003C,54337,42057,14.7034258182987,-91,3
82.0464369654655,F0018B9B-7509-4C31-A905-1A27D39C003C,38722,6270,16.175191400995,-72,3
82.0464369654655,F0018B9B-7509-4C31-A905-1A27D39C003C,20277,50452,28.7055783291345,-91,3
83.0502679944038,F0018B9B-7509-4C31-A905-1A27D39C003C,23750,52833,-1.0,0,0
83.0502679944038,F0018B9B-7509-4C31-A905-1A27D39C003C,29351,12971,-1.0,0,0
83.0502679944038,F0018B9B-7509-4C31-A905-1A27D39C003C,39821,56686,2.45089067320214,-65,3
83.0502679944038,F0018B9B-7509-4C31-A905-1A27D39C003C,27850,24174,5.46866201903232,-95,3
83.0502679944038,F0018B9B-7509-4C31-A905-1A27D39C003C,21500,48945,5.51229250331151,-74,3
83.0502679944038,F0018B9B-7509-4C31-A905-1A27D39C003C,52281,20431,5.73764135867015,-91,3
83.0502679944038,F0018B9B-7509-4C31-A905-1A27D39C003C,38722,6270,11.3059618453411,-71,3
83.0502679944038,F0018B9B-7509-4C31-A905-1A27D39C003C,41738,1201,11.3553150169139,-76,3
83.0502679944038,F0018B9B-7509-4C31-A905-1A27D39C003C,54337,42057,15.7740350356847,-93,3
83.0502679944038,F0018B9B-7509-4C31-A905-1A27D39C003C,20277,50452,28.6422448299429,-91,3
84.1789439916611,F0018B9B-7509-4C31-A905-1A27D39C003C,23750,52833,-1.0,0,0
84.1789439916611,F0018B9B-7509-4C31-A905-1A27D39C003C,29351,12971,-1.0,0,0
84.1789439916611,F0018B9B-7509-4C31-A905-1A27D39C003C,39821,56686,1.85352424460971,-64,3
84.1789439916611,F0018B9B-7509-4C31-A905-1A27D39C003C,21500,48945,3.71875452059696,-66,3
84.1789439916611,F0018B9B-7509-4C31-A905-1A27D39C003C,52281,20431,6.26164060439712,-84,3
84.1789439916611,F0018B9B-7509-4C31-A905-1A27D39C003C,38722,6270,8.22469466942324,-70,3
84.1789439916611,F0018B9B-7509-4C31-A905-1A27D39C003C,41738,1201,10.6256214951607,-80,3
84.1789439916611,F0018B9B-7509-4C31-A905-1A27D39C003C,27850,24174,11.1320013128326,-95,3
84.1789439916611,F0018B9B-7509-4C31-A905-1A27D39C003C,54337,42057,16.8303160925014,-93,3
84.1789439916611,F0018B9B-7509-4C31-A905-1A27D39C003C,20277,50452,25.8642494362373,-84,3
85.0468289852142,F0018B9B-7509-4C31-A905-1A27D39C003C,23750,52833,-1.0,0,0
85.0468289852142,F0018B9B-7509-4C31-A905-1A27D39C003C,29351,12971,-1.0,0,0
85.0468289852142,F0018B9B-7509-4C31-A905-1A27D39C003C,27850,24174,-1.0,0,0
85.0468289852142,F0018B9B-7509-4C31-A905-1A27D39C003C,39821,56686,1.56532410178093,-65,2
85.0468289852142,F0018B9B-7509-4C31-A905-1A27D39C003C,21500,48945,2.385127867629,-63,3
85.0468289852142,F0018B9B-7509-4C31-A905-1A27D39C003C,52281,20431,6.67213429399095,-83,3
85.0468289852142,F0018B9B-7509-4C31-A905-1A27D39C003C,38722,6270,6.80761228047719,-72,3
85.0468289852142,F0018B9B-7509-4C31-A905-1A27D39C003C,41738,1201,9.81628622601351,-79,3
85.0468289852142,F0018B9B-7509-4C31-A905-1A27D39C003C,54337,42057,17.7340965975828,-92,3
85.0468289852142,F0018B9B-7509-4C31-A905-1A27D39C003C,20277,50452,23.6921194555446,-84,3
86.0501269698143,F0018B9B-7509-4C31-A905-1A27D39C003C,23750,52833,-1.0,0,0
86.0501269698143,F0018B9B-7509-4C31-A905-1A27D39C003C,29351,12971,-1.0,0,0
86.0501269698143,F0018B9B-7509-4C31-A905-1A27D39C003C,27850,24174,-1.0,0,0
86.0501269698143,F0018B9B-7509-4C31-A905-1A27D39C003C,39821,56686,1.43193878683846,-66,2
86.0501269698143,F0018B9B-7509-4C31-A905-1A27D39C003C,21500,48945,1.73344097162674,-63,2
86.0501269698143,F0018B9B-7509-4C31-A905-1A27D39C003C,38722,6270,7.03751400221604,-83,3
86.0501269698143,F0018B9B-7509-4C31-A905-1A27D39C003C,52281,20431,7.31125583091224,-86,3
86.0501269698143,F0018B9B-7509-4C31-A905-1A27D39C003C,41738,1201,9.35916479321934,-80,3
86.0501269698143,F0018B9B-7509-4C31-A905-1A27D39C003C,54337,42057,18.0736002095389,-89,3
86.0501269698143,F0018B9B-7509-4C31-A905-1A27D39C003C,20277,50452,23.2653789592638,-88,3
87.0462979674339,F0018B9B-7509-4C31-A905-1A27D39C003C,23750,52833,-1.0,0,0
87.0462979674339,F0018B9B-7509-4C31-A905-1A27D39C003C,29351,12971,-1.0,0,0
87.0462979674339,F0018B9B-7509-4C31-A905-1A27D39C003C,27850,24174,-1.0,0,0
87.0462979674339,F0018B9B-7509-4C31-A905-1A27D39C003C,39821,56686,1.39116176428646,-67,2
87.0462979674339,F0018B9B-7509-4C31-A905-1A27D39C003C,21500,48945,1.66711124677764,-68,2
87.0462979674339,F0018B9B-7509-4C31-A905-1A27D39C003C,38722,6270,7.61636916782993,-89,3
87.0462979674339,F0018B9B-7509-4C31-A905-1A27D39C003C,52281,20431,8.01134087733776,-87,3
87.0462979674339,F0018B9B-7509-4C31-A905-1A27D39C003C,41738,1201,8.97455662569062,-80,3
87.0462979674339,F0018B9B-7509-4C31-A905-1A27D39C003C,54337,42057,18.1615428820716,-88,3
87.0462979674339,F0018B9B-7509-4C31-A905-1A27D39C003C,20277,50452,22.5972354292554,-87,3
88.0506279468536,F0018B9B-7509-4C31-A905-1A27D39C003C,29351,12971,-1.0,0,0
88.0506279468536,F0018B9B-7509-4C31-A905-1A27D39C003C,27850,24174,-1.0,0,0
88.0506279468536,F0018B9B-7509-4C31-A905-1A27D39C003C,21500,48945,1.3677669204944,-64,2
88.0506279468536,F0018B9B-7509-4C31-A905-1A27D39C003C,39821,56686,1.45969635058955,-69,2
88.0506279468536,F0018B9B-7509-4C31-A905-1A27D39C003C,38722,6270,8.29928018210795,-90,3
88.0506279468536,F0018B9B-7509-4C31-A905-1A27D39C003C,41738,1201,8.65025897142769,-80,3
88.0506279468536,F0018B9B-7509-4C31-A905-1A27D39C003C,52281,20431,8.97327093330861,-91,3
88.0506279468536,F0018B9B-7509-4C31-A905-1A27D39C003C,54337,42057,18.2395391485149,-88,3
88.0506279468536,F0018B9B-7509-4C31-A905-1A27D39C003C,20277,50452,22.0019751918122,-87,3
89.0513779520988,F0018B9B-7509-4C31-A905-1A27D39C003C,29351,12971,-1.0,0,0
89.0513779520988,F0018B9B-7509-4C31-A905-1A27D39C003C,27850,24174,-1.0,0,0
89.0513779520988,F0018B9B-7509-4C31-A905-1A27D39C003C,21500,48945,1.18868543484761,-64,2
89.0513779520988,F0018B9B-7509-4C31-A905-1A27D39C003C,39821,56686,1.51404969820769,-69,2
89.0513779520988,F0018B9B-7509-4C31-A905-1A27D39C003C,38722,6270,7.9237769388291,-79,3
89.0513779520988,F0018B9B-7509-4C31-A905-1A27D39C003C,41738,1201,8.20803442762961,-79,3
89.0513779520988,F0018B9B-7509-4C31-A905-1A27D39C003C,52281,20431,9.95377792741259,-91,3
89.0513779520988,F0018B9B-7509-4C31-A905-1A27D39C003C,54337,42057,18.8924470573521,-91,3
89.0513779520988,F0018B9B-7509-4C31-A905-1A27D39C003C,20277,50452,21.7307300550579,-88,3
90.0441989898682,F0018B9B-7509-4C31-A905-1A27D39C003C,27850,24174,-1.0,0,0
90.0441989898682,F0018B9B-7509-4C31-A905-1A27D39C003C,21500,48945,1.0264196720408,-63,2
90.0441989898682,F0018B9B-7509-4C31-A905-1A27D39C003C,39821,56686,1.55531393056336,-69,2
90.0441989898682,F0018B9B-7509-4C31-A905-1A27D39C003C,41738,1201,7.67424111532918,-78,3
90.0441989898682,F0018B9B-7509-4C31-A905-1A27D39C003C,38722,6270,7.76309884405765,-80,3
90.0441989898682,F0018B9B-7509-4C31-A905-1A27D39C003C,52281,20431,10.4239976136316,-86,3
90.0441989898682,F0018B9B-7509-4C31-A905-1A27D39C003C,54337,42057,19.6747236525946,-92,3
90.0441989898682,F0018B9B-7509-4C31-A905-1A27D39C003C,20277,50452,20.2699754120165,-84,3
91.2654329538345,F0018B9B-7509-4C31-A905-1A27D39C003C,27850,24174,-1.0,0,0
91.2654329538345,F0018B9B-7509-4C31-A905-1A27D39C003C,21500,48945,0.939207295893377,-63,2
91.2654329538345,F0018B9B-7509-4C31-A905-1A27D39C003C,39821,56686,1.63219631599006,-70,2
91.2654329538345,F0018B9B-7509-4C31-A905-1A27D39C003C,41738,1201,7.1077331239906,-77,3
91.2654329538345,F0018B9B-7509-4C31-A905-1A27D39C003C,38722,6270,7.87745715257384,-82,3
91.2654329538345,F0018B9B-7509-4C31-A905-1A27D39C003C,52281,20431,11.351826188529,-91,3
91.2654329538345,F0018B9B-7509-4C31-A905-1A27D39C003C,20277,50452,19.1066361834056,-84,3
91.2654329538345,F0018B9B-7509-4C31-A905-1A27D39C003C,54337,42057,20.6861488946242,-94,3
92.045234978199,F0018B9B-7509-4C31-A905-1A27D39C003C,23750,52833,-1.0,0,0
92.045234978199,F0018B9B-7509-4C31-A905-1A27D39C003C,27850,24174,-1.0,0,0
92.045234978199,F0018B9B-7509-4C31-A905-1A27D39C003C,21500,48945,0.889682115734885,-63,2
92.045234978199,F0018B9B-7509-4C31-A905-1A27D39C003C,39821,56686,1.4235593274481,-65,2
92.045234978199,F0018B9B-7509-4C31-A905-1A27D39C003C,41738,1201,6.69553546043119,-77,3
92.045234978199,F0018B9B-7509-4C31-A905-1A27D39C003C,38722,6270,7.8615516483685,-81,3
92.045234978199,F0018B9B-7509-4C31-A905-1A27D39C003C,52281,20431,12.2200316273221,-91,3
92.045234978199,F0018B9B-7509-4C31-A905-1A27D39C003C,20277,50452,18.1779533691519,-84,3
92.045234978199,F0018B9B-7509-4C31-A905-1A27D39C003C,54337,42057,21.3415763212994,-92,3
93.0489219427109,F0018B9B-7509-4C31-A905-1A27D39C003C,20277,50452,-1.0,0,0
93.0489219427109,F0018B9B-7509-4C31-A905-1A27D39C003C,27850,24174,-1.0,0,0
93.0489219427109,F0018B9B-7509-4C31-A905-1A27D39C003C,21500,48945,0.849892481623769,-63,2
93.0489219427109,F0018B9B-7509-4C31-A905-1A27D39C003C,39821,56686,1.28145418741779,-65,2
93.0489219427109,F0018B9B-7509-4C31-A905-1A27D39C003C,41738,1201,6.59962676750891,-79,3
93.0489219427109,F0018B9B-7509-4C31-A905-1A27D39C003C,38722,6270,7.84689680094623,-81,3
93.0489219427109,F0018B9B-7509-4C31-A905-1A27D39C003C,52281,20431,13.0892835384728,-91,3
93.0489219427109,F0018B9B-7509-4C31-A905-1A27D39C003C,54337,42057,21.7905382601806,-91,3
93.0489219427109,F0018B9B-7509-4C31-A905-1A27D39C003C,23750,52833,52.7499696664227,-96,3
94.0466249585152,F0018B9B-7509-4C31-A905-1A27D39C003C,21500,48945,0.859935430575493,-64,2
94.0466249585152,F0018B9B-7509-4C31-A905-1A27D39C003C,39821,56686,1.28431499998057,-67,2
94.0466249585152,F0018B9B-7509-4C31-A905-1A27D39C003C,41738,1201,6.62682598481072,-80,3
94.0466249585152,F0018B9B-7509-4C31-A905-1A27D39C003C,38722,6270,7.69986405711573,-80,3
94.0466249585152,F0018B9B-7509-4C31-A905-1A27D39C003C,52281,20431,13.7161200512434,-89,3
94.0466249585152,F0018B9B-7509-4C31-A905-1A27D39C003C,20277,50452,18.550706506424,-90,3
94.0466249585152,F0018B9B-7509-4C31-A905-1A27D39C003C,54337,42057,22.2143987910538,-91,3
94.0466249585152,F0018B9B-7509-4C31-A905-1A27D39C003C,27850,24174,29.5465790388679,-95,3
94.0466249585152,F0018B9B-7509-4C31-A905-1A27D39C003C,23750,52833,51.761624674271,-95,3
95.0518229603767,F0018B9B-7509-4C31-A905-1A27D39C003C,20277,50452,-1.0,0,0
95.0518229603767,F0018B9B-7509-4C31-A905-1A27D39C003C,27850,24174,-1.0,0,0
95.0518229603767,F0018B9B-7509-4C31-A905-1A27D39C003C,21500,48945,0.787041922995846,-62,2
95.0518229603767,F0018B9B-7509-4C31-A905-1A27D39C003C,39821,56686,1.28645172229873,-67,2
95.0518229603767,F0018B9B-7509-4C31-A905-1A27D39C003C,41738,1201,7.09719678600325,-85,3
95.0518229603767,F0018B9B-7509-4C31-A905-1A27D39C003C,38722,6270,7.42660433790875,-79,3
95.0518229603767,F0018B9B-7509-4C31-A905-1A27D39C003C,52281,20431,13.8197635990331,-86,3
95.0518229603767,F0018B9B-7509-4C31-A905-1A27D39C003C,54337,42057,22.1541240255214,-89,3
95.0518229603767,F0018B9B-7509-4C31-A905-1A27D39C003C,23750,52833,51.0250209585775,-95,3
96.0505859851837,F0018B9B-7509-4C31-A905-1A27D39C003C,27850,24174,-1.0,0,0
96.0505859851837,F0018B9B-7509-4C31-A905-1A27D39C003C,21500,48945,0.818583655847266,-64,2
96.0505859851837,F0018B9B-7509-4C31-A905-1A27D39C003C,39821,56686,1.28798575002498,-67,2
96.0505859851837,F0018B9B-7509-4C31-A905-1A27D39C003C,41738,1201,7.0564316669228,-80,3
96.0505859851837,F0018B9B-7509-4C31-A905-1A27D39C003C,38722,6270,7.33895021782706,-80,3
96.0505859851837,F0018B9B-7509-4C31-A905-1A27D39C003C,52281,20431,14.2553237926821,-88,3
96.0505859851837,F0018B9B-7509-4C31-A905-1A27D39C003C,20277,50452,19.7833645432757,-95,3
96.0505859851837,F0018B9B-7509-4C31-A905-1A27D39C003C,54337,42057,22.747056574781,-92,3
96.0505859851837,F0018B9B-7509-4C31-A905-1A27D39C003C,23750,52833,50.4534914017506,-95,3
97.0453019738197,F0018B9B-7509-4C31-A905-1A27D39C003C,23750,52833,-1.0,0,0
97.0453019738197,F0018B9B-7509-4C31-A905-1A27D39C003C,27850,24174,-1.0,0,0
97.0453019738197,F0018B9B-7509-4C31-A905-1A27D39C003C,21500,48945,0.840046465928318,-64,2
97.0453019738197,F0018B9B-7509-4C31-A905-1A27D39C003C,39821,56686,1.28906829525778,-67,2
97.0453019738197,F0018B9B-7509-4C31-A905-1A27D39C003C,41738,1201,6.8853443754897,-79,3
97.0453019738197,F0018B9B-7509-4C31-A905-1A27D39C003C,38722,6270,7.39107200526465,-81,3
97.0453019738197,F0018B9B-7509-4C31-A905-1A27D39C003C,52281,20431,14.8121569913641,-89,3
97.0453019738197,F0018B9B-7509-4C31-A905-1A27D39C003C,20277,50452,20.9323713300282,-93,3
97.0453019738197,F0018B9B-7509-4C31-A905-1A27D39C003C,54337,42057,22.8875989971842,-90,3
98.0523959994316,F0018B9B-7509-4C31-A905-1A27D39C003C,27850,24174,-1.0,0,0
98.0523959994316,F0018B9B-7509-4C31-A905-1A27D39C003C,21500,48945,0.892132460492267,-65,2
98.0523959994316,F0018B9B-7509-4C31-A905-1A27D39C003C,39821,56686,1.2382570827015,-66,2
98.0523959994316,F0018B9B-7509-4C31-A905-1A27D39C003C,41738,1201,6.74294344696183,-79,3
98.0523959994316,F0018B9B-7509-4C31-A905-1A27D39C003C,38722,6270,7.16231059881067,-79,3
98.0523959994316,F0018B9B-7509-4C31-A905-1A27D39C003C,52281,20431,15.3367902652036,-89,3
98.0523959994316,F0018B9B-7509-4C31-A905-1A27D39C003C,20277,50452,21.9921776961503,-93,3
98.0523959994316,F0018B9B-7509-4C31-A905-1A27D39C003C,54337,42057,23.0168081774821,-90,3
98.0523959994316,F0018B9B-7509-4C31-A905-1A27D39C003C,23750,52833,51.4459439657362,-96,3
99.0559419989586,F0018B9B-7509-4C31-A905-1A27D39C003C,27850,24174,-1.0,0,0
99.0559419989586,F0018B9B-7509-4C31-A905-1A27D39C003C,21500,48945,0.928135230259718,-65,2
99.0559419989586,F0018B9B-7509-4C31-A905-1A27D39C003C,39821,56686,1.2049075991197,-66,2
99.0559419989586,F0018B9B-7509-4C31-A905-1A27D39C003C,38722,6270,6.65915448727167,-77,3
99.0559419989586,F0018B9B-7509-4C31-A905-1A27D39C003C,41738,1201,7.07467214474743,-83,3
99.0559419989586,F0018B9B-7509-4C31-A905-1A27D39C003C,52281,20431,15.980792887473,-90,3
99.0559419989586,F0018B9B-7509-4C31-A905-1A27D39C003C,20277,50452,22.7532668061466,-92,3
99.0559419989586,F0018B9B-7509-4C31-A905-1A27D39C003C,54337,42057,23.1356067160231,-90,3
99.0559419989586,F0018B9B-7509-4C31-A905-1A27D39C003C,23750,52833,51.5632576381867,-96,3
100.052649974823,F0018B9B-7509-4C31-A905-1A27D39C003C,27850,24174,-1.0,0,0
100.052649974823,F0018B9B-7509-4C31-A905-1A27D39C003C,21500,48945,0.952388651670718,-65,2
100.052649974823,F0018B9B-7509-4C31-A905-1A27D39C003C,39821,56686,1.18264204623555,-66,2
100.052649974823,F0018B9B-7509-4C31-A905-1A27D39C003C,38722,6270,5.55931800769392,-73,3
100.052649974823,F0018B9B-7509-4C31-A905-1A27D39C003C,41738,1201,7.386730295779,-83,3
100.052649974823,F0018B9B-7509-4C31-A905-1A27D39C003C,52281,20431,16.7376542674231,-91,3
100.052649974823,F0018B9B-7509-4C31-A905-1A27D39C003C,54337,42057,22.7086498844365,-88,3
100.052649974823,F0018B9B-7509-4C31-A905-1A27D39C003C,20277,50452,22.9237523685975,-90,3
100.052649974823,F0018B9B-7509-4C31-A905-1A27D39C003C,23750,52833,51.0698388495883,-95,3
101.046111941338,F0018B9B-7509-4C31-A905-1A27D39C003C,23750,52833,-1.0,0,0
101.046111941338,F0018B9B-7509-4C31-A905-1A27D39C003C,27850,24174,-1.0,0,0
101.046111941338,F0018B9B-7509-4C31-A905-1A27D39C003C,21500,48945,0.925737867276174,-64,2
101.046111941338,F0018B9B-7509-4C31-A905-1A27D39C003C,39821,56686,1.1182862639245,-65,2
101.046111941338,F0018B9B-7509-4C31-A905-1A27D39C003C,38722,6270,4.84495532658478,-73,3
101.046111941338,F0018B9B-7509-4C31-A905-1A27D39C003C,41738,1201,7.67525636110125,-83,3
101.046111941338,F0018B9B-7509-4C31-A905-1A27D39C003C,52281,20431,17.8373522753382,-94,3
101.046111941338,F0018B9B-7509-4C31-A905-1A27D39C003C,54337,42057,22.3326944640068,-88,3
101.046111941338,F0018B9B-7509-4C31-A905-1A27D39C003C,20277,50452,23.0728185882448,-90,3
102.068233966827,F0018B9B-7509-4C31-A905-1A27D39C003C,23750,52833,-1.0,0,0
102.068233966827,F0018B9B-7509-4C31-A905-1A27D39C003C,27850,24174,-1.0,0,0
102.068233966827,F0018B9B-7509-4C31-A905-1A27D39C003C,21500,48945,0.866380594930155,-63,2
102.068233966827,F0018B9B-7509-4C31-A905-1A27D39C003C,39821,56686,1.21070856773955,-68,2
102.068233966827,F0018B9B-7509-4C31-A905-1A27D39C003C,38722,6270,3.73874447923352,-69,3
102.068233966827,F0018B9B-7509-4C31-A905-1A27D39C003C,41738,1201,7.6848112776956,-81,3
102.068233966827,F0018B9B-7509-4C31-A905-1A27D39C003C,52281,20431,17.9460994746394,-88,3
102.068233966827,F0018B9B-7509-4C31-A905-1A27D39C003C,54337,42057,21.9996611533491,-88,3
102.068233966827,F0018B9B-7509-4C31-A905-1A27D39C003C,20277,50452,23.7024794092535,-92,3
103.075773954391,F0018B9B-7509-4C31-A905-1A27D39C003C,23750,52833,-1.0,0,0
103.075773954391,F0018B9B-7509-4C31-A905-1A27D39C003C,27850,24174,-1.0,0,0
103.075773954391,F0018B9B-7509-4C31-A905-1A27D39C003C,21500,48945,1.01417191881501,-68,2
103.075773954391,F0018B9B-7509-4C31-A905-1A27D39C003C,39821,56686,1.08165159957098,-64,2
103.075773954391,F0018B9B-7509-4C31-A905-1A27D39C003C,38722,6270,3.09318206774998,-69,2
103.075773954391,F0018B9B-7509-4C31-A905-1A27D39C003C,41738,1201,7.6929747351653,-81,3
103.075773954391,F0018B9B-7509-4C31-A905-1A27D39C003C,52281,20431,18.0432808668923,-88,3
103.075773954391,F0018B9B-7509-4C31-A905-1A27D39C003C,54337,42057,21.9601839555216,-89,3
103.075773954391,F0018B9B-7509-4C31-A905-1A27D39C003C,20277,50452,23.1489107504943,-88,3
104.074861943722,F0018B9B-7509-4C31-A905-1A27D39C003C,23750,52833,-1.0,0,0
104.074861943722,F0018B9B-7509-4C31-A905-1A27D39C003C,39821,56686,0.958332899691644,-63,2
104.074861943722,F0018B9B-7509-4C31-A905-1A27D39C003C,21500,48945,1.09553599950822,-67,2
104.074861943722,F0018B9B-7509-4C31-A905-1A27D39C003C,38722,6270,2.35033108946149,-66,2
104.074861943722,F0018B9B-7509-4C31-A905-1A27D39C003C,41738,1201,7.39640638199667,-79,3
104.074861943722,F0018B9B-7509-4C31-A905-1A27D39C003C,52281,20431,18.3403025212485,-89,3
104.074861943722,F0018B9B-7509-4C31-A905-1A27D39C003C,54337,42057,22.1546148035843,-90,3
104.074861943722,F0018B9B-7509-4C31-A905-1A27D39C003C,20277,50452,22.3392356603666,-87,3
105.044339954853,F0018B9B-7509-4C31-A905-1A27D39C003C,23750,52833,-1.0,0,0
105.044339954853,F0018B9B-7509-4C31-A905-1A27D39C003C,39821,56686,0.887438575464435,-63,2
105.044339954853,F0018B9B-7509-4C31-A905-1A27D39C003C,21500,48945,1.1543193652837,-67,2
105.044339954853,F0018B9B-7509-4C31-A905-1A27D39C003C,38722,6270,1.92824224066491,-66,2
105.044339954853,F0018B9B-7509-4C31-A905-1A27D39C003C,41738,1201,6.82253065267848,-77,3
105.044339954853,F0018B9B-7509-4C31-A905-1A27D39C003C,52281,20431,17.9007085646226,-86,3
105.044339954853,F0018B9B-7509-4C31-A905-1A27D39C003C,54337,42057,22.5455751117831,-91,3
105.044339954853,F0018B9B-7509-4C31-A905-1A27D39C003C,20277,50452,22.7517993379128,-91,3
